timestamp,open,high,low,close,volume,close_time,quote_asset_volume,number_of_trades,taker_buy_base_asset_volume,taker_buy_quote_asset_volume,ignore
1776810960000,75379.79000000,75428.00000000,75379.79000000,75428.00000000,4.46562000,1776811019999,336730.19134820,1533,3.59904000,271382.63397200,0
1776811020000,75428.00000000,75434.88000000,75382.38000000,75414.00000000,43.12645000,1776811079999,3252112.69867660,1463,1.30807000,98641.96361250,0
1776811080000,75413.99000000,75431.70000000,75412.00000000,75431.69000000,2.98352000,1776811139999,225028.52866160,977,1.57383000,118700.60534400,0
1776811140000,75431.69000000,75431.70000000,75386.83000000,75386.83000000,2.32008000,1776811199999,174963.09831180,1969,0.78990000,59567.26392000,0
1776811200000,75386.83000000,75413.36000000,75379.80000000,75413.35000000,1.81520000,1776811259999,136845.79549240,1730,1.21396000,91520.57362370,0
1776811260000,75413.36000000,75413.36000000,75383.85000000,75383.86000000,1.59544000,1776811319999,120303.42041300,1271,0.35810000,27004.21510290,0
1776811320000,75383.85000000,75420.81000000,75382.99000000,75420.81000000,2.10793000,1776811379999,158957.67113930,1327,1.56130000,117734.16806340,0
1776811380000,75420.80000000,75540.85000000,75420.80000000,75533.00000000,7.69745000,1776811439999,580929.52516970,3096,7.01815000,529664.87067400,0
1776811440000,75533.00000000,75538.37000000,75527.96000000,75527.96000000,2.97114000,1776811499999,224431.60605930,717,1.42513000,107649.44103940,0
1776811500000,75527.43000000,75529.06000000,75516.00000000,75521.14000000,1.59433000,1776811559999,120407.74830610,1144,0.57560000,43469.45107010,0
1776811560000,75521.15000000,75526.21000000,75521.14000000,75526.21000000,1.30032000,1776811619999,98202.53863720,302,1.16319000,87846.00066660,0
1776811620000,75526.21000000,75526.21000000,75526.20000000,75526.20000000,1.37299000,1776811679999,103696.72654080,135,0.92028000,69505.26053880,0
1776811680000,75526.21000000,75550.00000000,75524.61000000,75524.62000000,2.61403000,1776811739999,197465.80955040,1313,1.27587000,96376.52820820,0
1776811740000,75524.62000000,75542.82000000,75489.63000000,75489.64000000,6.01805000,1776811799999,454532.06869040,1894,2.67683000,202178.16372840,0
1776811800000,75489.63000000,75518.19000000,75489.63000000,75518.19000000,1.14653000,1776811859999,86569.11334030,1227,0.93271000,70424.22431040,0
1776811860000,75518.18000000,75543.10000000,75518.18000000,75543.09000000,2.53795000,1776811919999,191708.06514490,702,1.64967000,124606.94175160,0
1776811920000,75543.10000000,75543.10000000,75526.10000000,75526.10000000,2.64005000,1776811979999,199427.90472670,636,0.55338000,41802.56845950,0
1776811980000,75526.00000000,75552.56000000,75522.22000000,75546.32000000,1.46027000,1776812039999,110312.07923000,1356,0.68326000,51612.66976010,0
1776812040000,75546.33000000,75576.36000000,75546.33000000,75574.41000000,3.50443000,1776812099999,264831.39931350,904,1.26733000,95767.30792930,0
1776812100000,75574.41000000,75609.12000000,75574.41000000,75601.55000000,7.14212000,1776812159999,539969.51438680,1292,3.11428000,235429.79033380,0
1776812160000,75601.54000000,75607.51000000,75587.00000000,75607.50000000,2.62576000,1776812219999,198487.90229110,1302,2.04894000,154883.82085130,0
1776812220000,75607.51000000,75621.28000000,75598.93000000,75598.93000000,6.35841000,1776812279999,480757.65432650,1282,4.24289000,320799.75122250,0
1776812280000,75598.93000000,75623.62000000,75593.55000000,75623.62000000,2.68742000,1776812339999,203189.79344940,1197,2.39612000,181163.43751600,0
1776812340000,75623.61000000,75650.04000000,75623.61000000,75650.04000000,5.44236000,1776812399999,411674.53763870,1402,4.63315000,350465.38700660,0
1776812400000,75650.03000000,75657.27000000,75622.00000000,75657.26000000,12.63588000,1776812459999,955750.91540800,1380,6.13141000,463753.07862030,0
1776812460000,75657.26000000,75750.00000000,75657.26000000,75736.18000000,11.51995000,1776812519999,872194.01042730,3815,6.24166000,472468.29206770,0
1776812520000,75736.18000000,75776.27000000,75726.90000000,75754.01000000,9.54322000,1776812579999,722856.95533980,2715,8.82886000,668743.86933990,0
1776812580000,75754.00000000,75796.70000000,75745.13000000,75748.64000000,5.83047000,1776812639999,441764.89176280,2948,4.05044000,306867.98061330,0
1776812640000,75748.64000000,75779.08000000,75748.64000000,75757.37000000,1.91790000,1776812699999,145303.47157270,1485,0.84330000,63886.84980960,0
1776812700000,75757.36000000,75846.23000000,75757.36000000,75824.14000000,13.74277000,1776812759999,1041892.96812090,4089,7.98431000,605284.60331860,0
1776812760000,75824.14000000,75850.00000000,75824.07000000,75824.08000000,4.37243000,1776812819999,331570.76175630,1545,1.58047000,119845.70888290,0
1776812820000,75824.08000000,75824.65000000,75804.61000000,75824.65000000,3.26543000,1776812879999,247563.89835840,1961,1.17186000,88844.40608730,0
1776812880000,75824.64000000,75857.82000000,75812.03000000,75857.82000000,4.89394000,1776812939999,371120.89054300,1720,3.36451000,255156.28665540,0
1776812940000,75857.82000000,75857.82000000,75842.83000000,75850.99000000,7.70899000,1776812999999,584700.64950520,988,6.48548000,491896.89928490,0
1776813000000,75850.98000000,75850.98000000,75794.80000000,75794.80000000,3.91029000,1776813059999,296445.88322880,2563,1.23135000,93340.69946570,0
1776813060000,75794.81000000,75803.86000000,75784.30000000,75784.31000000,1.90134000,1776813119999,144110.69387840,1169,0.82664000,62656.32387850,0
1776813120000,75784.31000000,75791.89000000,75757.64000000,75757.64000000,3.33197000,1776813179999,252490.83038780,1187,1.45820000,110509.89877860,0
1776813180000,75757.65000000,75757.65000000,75726.90000000,75749.99000000,3.49961000,1776813239999,265063.36162940,1329,1.43862000,108960.31306210,0
1776813240000,75750.00000000,75775.05000000,75749.99000000,75775.05000000,1.54717000,1776813299999,117222.85556280,866,1.36339000,103299.48369050,0
1776813300000,75775.05000000,75783.40000000,75754.74000000,75778.57000000,1.38284000,1776813359999,104781.70967320,1793,0.86736000,65722.04903750,0
1776813360000,75778.56000000,75800.00000000,75778.56000000,75798.94000000,1.16297000,1776813419999,88146.24311590,1427,0.83212000,63069.97640750,0
1776813420000,75798.93000000,75823.75000000,75798.93000000,75808.61000000,1.73980000,1776813479999,131908.77714150,1200,1.01512000,76963.16327820,0
1776813480000,75808.61000000,75815.26000000,75790.60000000,75808.57000000,2.10153000,1776813539999,159305.60102400,1260,0.58045000,43997.38057010,0
1776813540000,75808.57000000,75868.91000000,75808.57000000,75835.06000000,4.57807000,1776813599999,347197.02997150,2511,3.55144000,269330.35353220,0
1776813600000,75835.05000000,75838.05000000,75817.14000000,75817.91000000,3.91914000,1776813659999,297173.22352120,1111,2.36708000,179483.43849050,0
1776813660000,75817.90000000,75847.17000000,75814.27000000,75814.27000000,3.37258000,1776813719999,255746.81863210,2136,2.13380000,161808.41920760,0
1776813720000,75814.27000000,75831.33000000,75795.54000000,75802.73000000,9.25458000,1776813779999,701518.50672350,1367,0.42892000,32519.35748810,0
1776813780000,75802.74000000,75802.74000000,75782.00000000,75795.01000000,6.47612000,1776813839999,490857.72970040,1345,0.43640000,33074.78874450,0
1776813840000,75795.01000000,75828.35000000,75795.00000000,75824.14000000,0.88343000,1776813899999,66974.37976760,1288,0.44151000,33471.88298760,0
1776813900000,75824.15000000,75824.15000000,75785.22000000,75785.22000000,5.14874000,1776813959999,390235.26270670,1314,1.24369000,94264.11553980,0
1776813960000,75785.22000000,75785.22000000,75764.08000000,75767.16000000,2.55181000,1776814019999,193365.20027380,1388,0.31821000,24111.72126700,0
1776814020000,75767.16000000,75776.58000000,75760.00000000,75776.58000000,1.42107000,1776814079999,107673.87737940,962,1.11285000,84322.05913700,0
1776814080000,75776.58000000,75790.60000000,75775.51000000,75783.00000000,4.69734000,1776814139999,355976.74224020,1261,1.95088000,147842.92255590,0
1776814140000,75783.00000000,75789.66000000,75775.80000000,75787.26000000,0.77113000,1776814199999,58437.80739810,936,0.36878000,27946.43584990,0
1776814200000,75787.25000000,75823.28000000,75787.25000000,75790.61000000,16.95170000,1776814259999,1284866.40311250,2303,14.55911000,1103481.79706130,0
1776814260000,75790.60000000,75794.50000000,75780.96000000,75794.50000000,0.81097000,1776814319999,61460.60780020,881,0.28902000,21904.32293120,0
1776814320000,75794.50000000,75832.00000000,75794.50000000,75815.27000000,3.40927000,1776814379999,258479.44208530,1861,2.60106000,197196.87553340,0
1776814380000,75815.26000000,75836.08000000,75815.26000000,75822.01000000,1.41815000,1776814439999,107531.50323700,1254,1.04288000,79075.48620890,0
1776814440000,75822.00000000,75836.00000000,75822.00000000,75835.99000000,2.42596000,1776814499999,183950.78037670,1417,2.16291000,164004.01395570,0
1776814500000,75836.00000000,75850.00000000,75835.99000000,75840.42000000,2.27315000,1776814559999,172400.90816320,1271,1.19396000,90548.28420200,0
1776814560000,75840.43000000,75870.80000000,75840.42000000,75870.80000000,3.45902000,1776814619999,262370.10882260,1369,2.56654000,194673.00062420,0
1776814620000,75870.79000000,75880.00000000,75858.83000000,75879.99000000,2.78853000,1776814679999,211560.52553480,1331,1.95905000,148629.97495520,0
1776814680000,75879.99000000,75879.99000000,75865.58000000,75876.21000000,2.21535000,1776814739999,168084.09193440,1283,1.45057000,110054.91320130,0
1776814740000,75876.20000000,75974.23000000,75876.20000000,75974.23000000,12.22459000,1776814799999,928262.78647950,3679,10.04775000,762944.99360620,0
1776814800000,75974.22000000,75993.25000000,75951.88000000,75951.89000000,3.61105000,1776814859999,274325.36199650,2400,2.24781000,170757.30385220,0
1776814860000,75951.89000000,75972.01000000,75940.18000000,75940.18000000,9.19251000,1776814919999,698334.64707930,2058,3.33917000,253656.48370140,0
1776814920000,75940.18000000,76111.88000000,75931.45000000,76024.72000000,45.85171000,1776814979999,3486633.68467740,7631,37.77950000,2872568.14702070,0
1776814980000,76024.72000000,76069.96000000,76008.63000000,76069.95000000,8.84625000,1776815039999,672631.20672710,2382,4.55318000,346194.46056210,0
1776815040000,76069.95000000,76089.01000000,76069.95000000,76083.62000000,2.87319000,1776815099999,218591.98074220,1309,1.45679000,110824.51291980,0
1776815100000,76083.62000000,76256.08000000,76077.55000000,76242.63000000,50.96670000,1776815159999,3883399.31007850,9550,40.16670000,3060215.98478310,0
1776815160000,76242.64000000,76393.43000000,76242.63000000,76326.79000000,40.35481000,1776815219999,3079890.78551690,8894,25.16338000,1920399.10949460,0
1776815220000,76326.78000000,76384.00000000,76321.57000000,76384.00000000,11.28572000,1776815279999,861681.42457600,4456,8.12870000,620641.24419480,0
1776815280000,76383.99000000,76406.91000000,76326.26000000,76379.99000000,27.05189000,1776815339999,2066295.09091330,3747,23.13661000,1767300.53234970,0
1776815340000,76380.00000000,76380.00000000,76306.09000000,76360.51000000,18.68010000,1776815399999,1425935.36506890,2875,7.52324000,574257.04244350,0
1776815400000,76360.51000000,76365.89000000,76332.76000000,76343.46000000,6.39869000,1776815459999,488529.13421900,2015,3.92935000,299986.46035810,0
1776815460000,76343.45000000,76396.53000000,76303.27000000,76396.53000000,18.28902000,1776815519999,1396293.29693270,2769,12.71537000,970879.86798210,0
1776815520000,76396.53000000,76425.37000000,76330.61000000,76330.61000000,13.73509000,1776815579999,1049038.29058670,3367,4.19184000,320235.73762340,0
1776815580000,76330.61000000,76330.62000000,76306.14000000,76306.14000000,3.06636000,1776815639999,234025.63560030,1070,1.28968000,98426.99229720,0
1776815640000,76306.15000000,76341.37000000,76300.00000000,76341.37000000,7.56001000,1776815699999,576948.95833350,2021,6.72555000,513272.40562810,0
1776815700000,76341.36000000,76341.98000000,76314.26000000,76341.98000000,5.32970000,1776815759999,406793.70775330,1442,3.69167000,281768.26093110,0
1776815760000,76341.97000000,76341.98000000,76327.06000000,76327.84000000,8.31208000,1776815819999,634508.08896330,1197,4.99369000,381188.62480350,0
1776815820000,76327.85000000,76338.55000000,76322.43000000,76338.55000000,2.53639000,1776815879999,193588.53881130,809,1.67197000,127611.56207310,0
1776815880000,76338.54000000,76349.19000000,76325.02000000,76349.18000000,2.33176000,1776815939999,178003.08286340,1165,1.33222000,101700.31895420,0
1776815940000,76349.18000000,76349.19000000,76320.70000000,76336.15000000,3.79874000,1776815999999,289957.52050320,1326,2.58486000,197301.54104150,0
1776816000000,76336.14000000,76367.15000000,76328.24000000,76338.35000000,22.50619000,1776816059999,1718260.40307090,3015,20.59212000,1572123.72044540,0
1776816060000,76338.35000000,76360.00000000,76324.00000000,76347.38000000,15.52549000,1776816119999,1185304.44643800,2761,5.14551000,392812.34031900,0
1776816120000,76347.37000000,76390.90000000,76324.00000000,76327.03000000,6.13080000,1776816179999,468177.69381180,3453,5.02612000,383825.79078570,0
1776816180000,76327.04000000,76414.13000000,76326.89000000,76414.13000000,13.24158000,1776816239999,1011370.38536830,3091,11.50073000,878416.57322550,0
1776816240000,76414.12000000,76414.13000000,76311.99000000,76311.99000000,48.99183000,1776816299999,3739715.28506550,2666,9.93474000,758247.10258930,0
1776816300000,76312.00000000,76401.10000000,76311.99000000,76374.13000000,61.94225000,1776816359999,4730440.33046380,4756,46.24027000,3531206.61391650,0
1776816360000,76374.12000000,76444.00000000,76364.80000000,76443.99000000,9.37958000,1776816419999,716678.56618090,3175,8.73377000,667341.80593910,0
1776816420000,76443.99000000,76443.99000000,76372.00000000,76399.99000000,5.39065000,1776816479999,411785.79728490,2976,3.02953000,231413.58055360,0
1776816480000,76400.00000000,76453.92000000,76399.99000000,76453.92000000,7.71813000,1776816539999,589920.13739500,2426,6.21782000,475253.68700750,0
1776816540000,76453.91000000,76500.00000000,76450.00000000,76450.00000000,14.39182000,1776816599999,1100802.56382030,4251,7.54857000,577389.07378460,0
1776816600000,76450.01000000,76450.01000000,76319.31000000,76322.97000000,13.02115000,1776816659999,994206.11223170,3998,3.81291000,291057.46944060,0
1776816660000,76322.96000000,76380.00000000,76322.96000000,76380.00000000,8.24867000,1776816719999,629733.04508780,3537,5.62927000,429746.82645990,0
1776816720000,76379.99000000,76387.76000000,76346.31000000,76384.69000000,3.76717000,1776816779999,287695.76550670,2210,2.05346000,156823.24745770,0
1776816780000,76384.70000000,76396.94000000,76362.57000000,76396.94000000,8.99444000,1776816839999,687014.78186750,2230,8.05981000,615617.83074510,0
1776816840000,76396.94000000,76426.27000000,76396.93000000,76417.85000000,4.98759000,1776816899999,381117.43835580,2438,3.33695000,254975.06553070,0
1776816900000,76417.85000000,76417.85000000,76370.70000000,76398.48000000,10.07627000,1776816959999,769856.77425520,3115,4.73580000,361815.86636830,0
1776816960000,76398.49000000,76398.49000000,76278.53000000,76278.53000000,7.34790000,1776817019999,560832.59669280,2567,0.76085000,58091.44989020,0
1776817020000,76278.53000000,76353.13000000,76278.53000000,76335.24000000,9.14817000,1776817079999,698185.39501010,3209,4.91363000,375019.72336230,0
1776817080000,76335.24000000,76410.00000000,76335.24000000,76399.54000000,13.36008000,1776817139999,1020095.35319780,3079,10.35041000,790268.96862860,0
1776817140000,76399.55000000,76399.55000000,76368.73000000,76368.74000000,1.97416000,1776817199999,150798.81597790,1494,1.46160000,111647.01728090,0
1776817200000,76368.73000000,76429.40000000,76353.31000000,76429.40000000,6.53126000,1776817259999,498812.14640320,2540,2.72073000,207818.52261670,0
1776817260000,76429.40000000,76439.29000000,76388.00000000,76415.29000000,2.97929000,1776817319999,227677.59327080,2663,1.72597000,131891.33497030,0
1776817320000,76415.40000000,76423.27000000,76361.25000000,76361.25000000,3.17143000,1776817379999,242294.12779760,1991,2.05310000,156850.61007240,0
1776817380000,76361.25000000,76361.25000000,76350.10000000,76351.00000000,1.36738000,1776817439999,104401.37325750,472,0.55228000,42166.88756580,0
1776817440000,76351.00000000,76351.00000000,76287.31000000,76287.32000000,10.53829000,1776817499999,804372.31183630,2276,4.11083000,313755.97500450,0
1776817500000,76287.32000000,76287.32000000,76242.80000000,76259.62000000,16.34030000,1776817559999,1246069.67329390,2140,2.08460000,158978.68135930,0
1776817560000,76259.63000000,76312.52000000,76259.62000000,76312.52000000,4.57510000,1776817619999,348990.41326090,2139,3.30089000,251786.82028590,0
1776817620000,76312.53000000,76325.43000000,76303.85000000,76303.86000000,2.69699000,1776817679999,205827.49769380,1078,2.25827000,172343.98166170,0
1776817680000,76303.85000000,76307.19000000,76282.12000000,76284.92000000,2.31956000,1776817739999,176975.19496780,2037,1.32941000,101431.07515320,0
1776817740000,76284.93000000,76300.00000000,76274.00000000,76274.01000000,4.73206000,1776817799999,361007.75260290,1699,1.76543000,134677.25842060,0
1776817800000,76274.00000000,76305.67000000,76274.00000000,76284.36000000,3.80832000,1776817859999,290561.40778120,1931,2.03119000,154970.28436890,0
1776817860000,76284.35000000,76306.52000000,76284.35000000,76306.52000000,2.87461000,1776817919999,219306.82489050,1581,2.36734000,180605.27939970,0
1776817920000,76306.52000000,76306.52000000,76277.15000000,76290.09000000,3.22613000,1776817979999,246128.20611440,1472,0.99900000,76211.82709460,0
1776817980000,76290.10000000,76310.00000000,76286.62000000,76306.04000000,3.61406000,1776818039999,275750.97418850,1615,3.27257000,249695.33940330,0
1776818040000,76306.03000000,76306.03000000,76252.60000000,76254.16000000,3.26621000,1776818099999,249091.10645460,1560,0.52310000,39889.62878850,0
1776818100000,76254.16000000,76266.00000000,76250.96000000,76253.15000000,3.79565000,1776818159999,289441.94074350,1213,1.31182000,100032.40189590,0
1776818160000,76253.15000000,76270.00000000,76220.40000000,76220.40000000,13.40776000,1776818219999,1022325.12096950,1885,2.63240000,200706.50087660,0
1776818220000,76220.40000000,76298.44000000,76220.40000000,76298.43000000,14.31410000,1776818279999,1091478.64099610,2922,10.39743000,792782.72503130,0
1776818280000,76298.43000000,76313.97000000,76286.62000000,76296.98000000,7.07051000,1776818339999,539454.96226730,1485,6.13058000,467737.30146640,0
1776818340000,76296.99000000,76338.33000000,76296.97000000,76338.33000000,3.26262000,1776818399999,248968.80201370,1578,2.20925000,168594.33604300,0
1776818400000,76338.33000000,76400.00000000,76338.33000000,76350.00000000,3.97452000,1776818459999,303562.50973850,2618,1.41719000,108228.26179610,0
1776818460000,76350.00000000,76350.00000000,76301.76000000,76305.77000000,1.80143000,1776818519999,137492.81530080,1519,0.97688000,74557.03844710,0
1776818520000,76305.77000000,76329.07000000,76304.01000000,76329.06000000,3.70988000,1776818579999,283117.67981790,1569,3.40671000,259979.95572840,0
1776818580000,76329.06000000,76350.42000000,76329.06000000,76350.42000000,4.43350000,1776818639999,338431.17256980,912,3.67297000,280379.55865670,0
1776818640000,76350.42000000,76350.42000000,76315.44000000,76338.00000000,2.42495000,1776818699999,185095.87739370,1712,1.64724000,125730.44961490,0
1776818700000,76337.99000000,76374.33000000,76337.99000000,76363.99000000,7.50779000,1776818759999,573299.26912250,2124,6.33810000,483970.12005830,0
1776818760000,76364.00000000,76364.00000000,76317.81000000,76332.36000000,2.23310000,1776818819999,170465.92199550,1433,0.83595000,63803.74426860,0
1776818820000,76332.36000000,76334.37000000,76309.70000000,76334.37000000,2.89399000,1776818879999,220874.88684660,1120,1.53482000,117146.44212820,0
1776818880000,76334.37000000,76334.37000000,76302.00000000,76310.70000000,3.39812000,1776818939999,259330.18219390,2393,1.81912000,138819.98451290,0
1776818940000,76310.70000000,76317.60000000,76284.64000000,76284.65000000,2.85520000,1776818999999,217856.26590610,1551,1.25413000,95698.14798950,0
1776819000000,76284.64000000,76284.65000000,76250.00000000,76254.23000000,3.23280000,1776819059999,246550.59335040,2032,2.47865000,189036.09678400,0
1776819060000,76254.23000000,76291.30000000,76250.00000000,76279.65000000,4.05074000,1776819119999,308976.56896130,2770,2.88752000,220254.61040440,0
1776819120000,76279.65000000,76281.54000000,76249.41000000,76281.53000000,8.24801000,1776819179999,629015.66523410,1587,1.70263000,129855.74455640,0
1776819180000,76281.53000000,76282.02000000,76267.47000000,76277.40000000,2.88293000,1776819239999,219897.26487930,1256,1.88927000,144103.65879550,0
1776819240000,76277.41000000,76300.59000000,76258.66000000,76273.96000000,5.80567000,1776819299999,442790.45768290,2437,4.87443000,371755.41472740,0
1776819300000,76273.97000000,76288.10000000,76266.68000000,76266.68000000,6.38163000,1776819359999,486758.15765480,1508,5.06966000,386681.56785630,0
1776819360000,76266.68000000,76308.89000000,76266.68000000,76308.89000000,4.50308000,1776819419999,343487.02889070,1363,3.28508000,250560.81758420,0
1776819420000,76308.93000000,76315.43000000,76288.00000000,76296.15000000,1.95930000,1776819479999,149495.45205690,1156,0.44119000,33661.59053270,0
1776819480000,76296.15000000,76305.60000000,76282.49000000,76286.55000000,1.70443000,1776819539999,130038.44653300,1428,0.81395000,62098.32888170,0
1776819540000,76286.56000000,76370.46000000,76285.17000000,76370.45000000,22.89039000,1776819599999,1746704.38130910,1592,20.79662000,1586951.98571130,0
1776819600000,76370.46000000,76376.41000000,76312.41000000,76329.19000000,39.85884000,1776819659999,3042547.46792630,5210,27.47516000,2097332.53978010,0
1776819660000,76329.94000000,76387.64000000,76322.89000000,76377.97000000,4.67030000,1776819719999,356666.21144000,2177,3.18888000,243534.89475190,0
1776819720000,76377.98000000,76412.42000000,76373.06000000,76412.41000000,4.90803000,1776819779999,374911.15374170,1454,4.29673000,328213.39989290,0
1776819780000,76412.41000000,76412.42000000,76363.57000000,76383.83000000,1.89682000,1776819839999,144889.73673070,1699,1.14790000,87679.53010950,0
1776819840000,76383.83000000,76397.12000000,76350.83000000,76350.84000000,8.37970000,1776819899999,640021.36372220,1990,2.53651000,193742.98170410,0
1776819900000,76350.83000000,76369.92000000,76350.00000000,76369.92000000,2.97054000,1776819959999,226830.74819490,1619,1.51357000,115568.86034900,0
1776819960000,76369.91000000,76369.91000000,76322.15000000,76322.15000000,4.86517000,1776820019999,371438.47605700,1734,2.03306000,155229.83172380,0
1776820020000,76322.01000000,76357.25000000,76322.00000000,76345.62000000,2.76582000,1776820079999,211130.54955670,1542,2.47336000,188802.94343050,0
1776820080000,76345.63000000,76345.82000000,76315.52000000,76338.70000000,7.21782000,1776820139999,551005.26654250,1582,3.64060000,277928.48074560,0
1776820140000,76338.70000000,76345.63000000,76323.44000000,76345.62000000,3.99149000,1776820199999,304680.10803450,1195,3.43178000,261953.51224610,0
1776820200000,76345.62000000,76355.53000000,76331.06000000,76331.07000000,2.88783000,1776820259999,220474.04984540,1149,2.51543000,192043.53705620,0
1776820260000,76331.06000000,76331.07000000,76281.73000000,76309.99000000,3.62469000,1776820319999,276557.91530630,2204,0.99921000,76235.35327920,0
1776820320000,76310.00000000,76370.89000000,76310.00000000,76364.86000000,3.07331000,1776820379999,234614.52214980,1867,2.09507000,159945.45002140,0
1776820380000,76364.86000000,76391.81000000,76341.33000000,76384.16000000,4.26418000,1776820439999,325632.18888020,2157,3.08147000,235320.27264410,0
1776820440000,76384.17000000,76416.24000000,76384.17000000,76397.37000000,3.85940000,1776820499999,294870.86186970,1746,3.13357000,239412.70617870,0
1776820500000,76397.37000000,76397.37000000,76358.86000000,76358.87000000,1.99601000,1776820559999,152450.50750590,1798,0.69318000,52942.14998450,0
1776820560000,76358.86000000,76358.86000000,76326.02000000,76337.38000000,2.52937000,1776820619999,193078.82755020,1997,1.52635000,116509.12405630,0
1776820620000,76337.38000000,76349.99000000,76331.54000000,76349.99000000,3.71308000,1776820679999,283469.19678580,1703,2.93775000,224278.78532380,0
1776820680000,76349.98000000,76349.99000000,76258.76000000,76258.77000000,5.81019000,1776820739999,443261.40865890,2753,1.14433000,87317.54456300,0
1776820740000,76258.78000000,76258.78000000,76164.81000000,76184.44000000,15.67667000,1776820799999,1194401.73057570,4600,5.93605000,452210.14847490,0
1776820800000,76184.44000000,76204.12000000,76169.19000000,76204.12000000,11.72230000,1776820859999,893020.09456780,2078,7.76828000,591802.84045290,0
1776820860000,76204.11000000,76219.09000000,76140.09000000,76140.10000000,20.02395000,1776820919999,1525265.40214060,3089,3.17707000,242027.25778370,0
1776820920000,76140.10000000,76200.00000000,76140.09000000,76200.00000000,9.60051000,1776820979999,731293.40758230,2425,4.42450000,336996.49853730,0
1776820980000,76199.99000000,76247.77000000,76199.99000000,76233.23000000,15.17078000,1776821039999,1156446.01896760,2681,10.09130000,769205.85316200,0
1776821040000,76233.24000000,76233.24000000,76178.18000000,76178.18000000,13.16380000,1776821099999,1003083.86904250,2578,1.77099000,134942.05901300,0
1776821100000,76178.19000000,76200.00000000,76169.00000000,76179.15000000,6.84456000,1776821159999,521459.15075790,1971,3.81528000,290658.96020010,0
1776821160000,76179.15000000,76198.00000000,76169.80000000,76197.99000000,4.19022000,1776821219999,319211.55741780,1050,3.78902000,288645.86439490,0
1776821220000,76198.00000000,76214.65000000,76196.27000000,76214.64000000,2.55730000,1776821279999,194874.32712090,961,2.20037000,167674.00812700,0
1776821280000,76214.65000000,76214.65000000,76150.00000000,76169.38000000,4.08434000,1776821339999,311101.38076800,2065,1.80015000,137107.30803220,0
1776821340000,76169.38000000,76169.38000000,76151.88000000,76160.58000000,4.73114000,1776821399999,360320.14188510,1044,2.42373000,184589.83507810,0
1776821400000,76160.59000000,76187.72000000,76132.95000000,76170.09000000,6.53803000,1776821459999,497948.21876910,2819,4.14886000,315973.64422950,0
1776821460000,76170.09000000,76203.65000000,76160.31000000,76201.31000000,3.39037000,1776821519999,258289.25036810,1923,2.35817000,179661.24059470,0
1776821520000,76201.32000000,76201.32000000,76180.32000000,76181.30000000,2.40461000,1776821579999,183206.49585130,1497,0.86628000,66001.77444690,0
1776821580000,76181.29000000,76201.34000000,76181.29000000,76201.34000000,4.08765000,1776821639999,311423.57109890,564,3.50340000,266914.06156880,0
1776821640000,76201.33000000,76206.88000000,76175.84000000,76175.84000000,3.29927000,1776821699999,251399.48411300,1611,1.28601000,97996.98982390,0
1776821700000,76175.84000000,76201.03000000,76170.65000000,76201.02000000,2.04562000,1776821759999,155838.16187020,1194,1.55201000,118232.33713450,0
1776821760000,76201.02000000,76218.89000000,76197.23000000,76218.89000000,1.20011000,1776821819999,91455.04419860,1221,0.91463000,69700.92015970,0
1776821820000,76218.88000000,76271.13000000,76218.88000000,76249.99000000,7.02506000,1776821879999,535668.65946250,2657,3.74706000,285704.37238500,0
1776821880000,76249.99000000,76249.99000000,76236.40000000,76238.97000000,1.45757000,1776821939999,111134.18249740,857,0.83546000,63699.86833280,0
1776821940000,76238.97000000,76262.19000000,76238.96000000,76262.19000000,4.45044000,1776821999999,339378.02056160,748,1.76242000,134385.84470640,0
1776822000000,76262.18000000,76262.19000000,76253.06000000,76261.33000000,1.08056000,1776822059999,82402.31589110,416,0.72200000,55058.37523120,0
1776822060000,76261.34000000,76261.34000000,76225.10000000,76231.32000000,3.05127000,1776822119999,232636.92961840,1465,0.62959000,48002.84387710,0
1776822120000,76231.31000000,76253.25000000,76218.89000000,76253.25000000,4.88449000,1776822179999,372345.45220270,924,3.86156000,294366.70818180,0
1776822180000,76253.25000000,76271.13000000,76239.63000000,76239.64000000,4.30931000,1776822239999,328634.64330310,1441,2.98884000,227936.59202370,0
1776822240000,76239.64000000,76250.21000000,76239.63000000,76250.20000000,2.05622000,1776822299999,156775.13794840,496,1.45330000,110804.54789090,0
1776822300000,76250.20000000,76288.10000000,76243.20000000,76264.02000000,6.12048000,1776822359999,466772.99126040,2719,4.19720000,320088.35927490,0
1776822360000,76264.03000000,76269.85000000,76255.88000000,76255.88000000,1.78114000,1776822419999,135829.66485490,789,0.47540000,36252.84562420,0
1776822420000,76255.89000000,76255.89000000,76209.20000000,76215.39000000,2.98791000,1776822479999,227774.96124850,1597,0.79304000,60441.91190350,0
1776822480000,76215.39000000,76250.10000000,76215.39000000,76250.10000000,2.08129000,1776822539999,158674.47384340,1255,1.53951000,117368.08750230,0
1776822540000,76250.10000000,76291.62000000,76250.10000000,76280.03000000,2.56330000,1776822599999,195537.94162870,1526,0.76634000,58451.44822290,0
1776822600000,76280.02000000,76315.90000000,76280.02000000,76301.40000000,18.18235000,1776822659999,1387259.34956650,1440,17.86900000,1363348.29382720,0
1776822660000,76301.40000000,76301.40000000,76270.25000000,76270.25000000,2.32631000,1776822719999,177470.55314370,1601,0.67127000,51207.33271250,0
1776822720000,76270.26000000,76350.00000000,76270.26000000,76292.57000000,22.84611000,1776822779999,1743312.43591150,2967,18.17071000,1386422.87117430,0
1776822780000,76292.56000000,76292.57000000,76256.06000000,76256.06000000,2.26707000,1776822839999,172922.77583830,1360,1.10260000,84101.60718870,0
1776822840000,76256.06000000,76256.06000000,76237.83000000,76244.52000000,2.59152000,1776822899999,197591.38165770,856,0.66189000,50464.52034230,0
1776822900000,76244.52000000,76268.71000000,76237.83000000,76268.70000000,2.72543000,1776822959999,207797.77971310,1266,1.76556000,134607.88774440,0
1776822960000,76268.71000000,76315.43000000,76268.71000000,76301.70000000,3.79511000,1776823019999,289566.08453660,1419,2.15932000,164751.89231160,0
1776823020000,76301.70000000,76324.86000000,76301.70000000,76316.97000000,2.20174000,1776823079999,168023.82941470,884,0.70188000,53563.78916810,0
1776823080000,76316.97000000,76322.47000000,76306.28000000,76306.29000000,4.15335000,1776823139999,316942.08393860,739,1.14893000,87673.48791810,0
1776823140000,76306.28000000,76306.29000000,76292.71000000,76297.99000000,2.53521000,1776823199999,193449.13515980,908,0.73995000,56461.42732240,0
1776823200000,76297.99000000,76321.57000000,76297.99000000,76308.00000000,1.96985000,1776823259999,150319.97698550,823,1.22043000,93129.55073290,0
1776823260000,76308.01000000,76349.81000000,76308.00000000,76341.64000000,5.26388000,1776823319999,401808.98788630,1446,2.98952000,228193.11413930,0
1776823320000,76341.64000000,76341.65000000,76288.31000000,76289.30000000,9.06202000,1776823379999,691504.70501330,2291,1.65007000,125911.26130920,0
1776823380000,76289.31000000,76289.31000000,76223.90000000,76239.73000000,7.58353000,1776823439999,578163.67217280,2815,2.35055000,179181.18750270,0
1776823440000,76239.73000000,76290.97000000,76239.72000000,76290.96000000,8.31809000,1776823499999,634326.29253440,1074,4.37589000,333747.26494550,0
1776823500000,76290.96000000,76290.97000000,76260.41000000,76269.67000000,3.96503000,1776823559999,302432.39625560,1335,2.83925000,216559.73008040,0
1776823560000,76269.67000000,76288.67000000,76235.98000000,76280.42000000,12.08973000,1776823619999,921989.02660330,2232,5.42395000,413628.76858880,0
1776823620000,76280.42000000,76312.73000000,76275.39000000,76312.73000000,3.98016000,1776823679999,303633.06961750,1271,3.21823000,245505.35443360,0
1776823680000,76312.72000000,76313.52000000,76307.38000000,76313.52000000,1.76952000,1776823739999,135034.21263880,577,1.52337000,116250.30534800,0
1776823740000,76313.51000000,76346.55000000,76313.51000000,76346.54000000,6.12991000,1776823799999,467895.12517840,1257,5.69086000,434384.80715360,0
1776823800000,76346.54000000,76576.00000000,76346.54000000,76575.99000000,61.77633000,1776823859999,4725778.67559600,7414,51.70319000,3954859.79827150,0
1776823860000,76575.99000000,76821.65000000,76575.99000000,76821.64000000,117.11930000,1776823919999,8983839.07741180,18338,95.38684000,7316744.68663510,0
1776823920000,76821.65000000,76879.52000000,76788.16000000,76844.75000000,47.06411000,1776823979999,3616344.63870950,12789,30.60978000,2351897.32430300,0
1776823980000,76844.76000000,76877.78000000,76697.31000000,76697.32000000,17.97364000,1776824039999,1380282.95588220,5897,4.42113000,339561.01498400,0
1776824040000,76697.31000000,76784.00000000,76697.31000000,76739.94000000,30.64449000,1776824099999,2351802.85938930,3768,25.32609000,1943567.93998680,0
1776824100000,76739.93000000,76813.80000000,76739.93000000,76803.97000000,11.41933000,1776824159999,876987.74442310,3337,6.54522000,502667.99128800,0
1776824160000,76805.59000000,76999.00000000,76803.41000000,76888.01000000,78.44946000,1776824219999,6034250.51548810,9628,58.41572000,4492938.65955730,0
1776824220000,76888.01000000,77157.67000000,76882.57000000,77083.50000000,144.63281000,1776824279999,11144386.14773810,17585,116.65413000,8987263.68002730,0
1776824280000,77083.49000000,77167.24000000,77039.41000000,77162.79000000,39.16786000,1776824339999,3020399.71867380,8841,32.15015000,2479400.46560740,0
1776824340000,77162.80000000,77162.80000000,77016.45000000,77019.46000000,21.43807000,1776824399999,1652768.63578740,5746,11.35415000,875484.32527130,0
1776824400000,77019.45000000,77066.78000000,76914.93000000,76931.48000000,29.51236000,1776824459999,2272432.04051450,5482,14.28210000,1099742.88233650,0
1776824460000,76931.49000000,76950.00000000,76890.67000000,76890.67000000,13.47478000,1776824519999,1036507.32459490,3940,4.89453000,376506.86927230,0
1776824520000,76890.68000000,76890.68000000,76840.41000000,76846.33000000,12.18614000,1776824579999,936632.94248780,4694,2.61994000,201374.11117870,0
1776824580000,76846.32000000,77003.54000000,76784.86000000,76968.99000000,49.25685000,1776824639999,3787150.59828240,6477,25.52419000,1962262.93808890,0
1776824640000,76968.98000000,77138.99000000,76961.92000000,77015.06000000,38.22866000,1776824699999,2945708.42409700,8249,21.10494000,1626102.54116530,0
1776824700000,77015.07000000,77139.92000000,77015.06000000,77093.30000000,23.06937000,1776824759999,1778342.98214760,6702,18.31337000,1411577.10881360,0
1776824760000,77093.29000000,77160.00000000,77092.01000000,77148.21000000,12.39899000,1776824819999,956361.81395000,4449,7.01383000,540962.89311690,0
1776824820000,77148.22000000,77160.25000000,77136.63000000,77140.21000000,14.28234000,1776824879999,1101776.15944430,3329,9.72632000,750293.56826710,0
1776824880000,77140.21000000,77200.00000000,77126.86000000,77180.58000000,15.57653000,1776824939999,1201945.88704060,6186,10.87049000,838800.33631200,0
1776824940000,77180.59000000,77250.00000000,77170.07000000,77239.56000000,38.30869000,1776824999999,2957860.18150550,7309,30.20621000,2332248.16255320,0
1776825000000,77239.57000000,77347.92000000,77239.56000000,77241.38000000,63.69526000,1776825059999,4924347.79906790,11510,39.70258000,3068993.75332400,0
1776825060000,77240.59000000,77240.59000000,77108.88000000,77108.95000000,27.45840000,1776825119999,2118763.49353240,7129,9.49490000,732596.93082540,0
1776825120000,77108.95000000,77137.32000000,77077.50000000,77119.01000000,14.61136000,1776825179999,1126621.31276460,3583,2.85468000,220109.81606990,0
1776825180000,77119.01000000,77134.16000000,77078.60000000,77091.16000000,6.94844000,1776825239999,535744.92542720,3632,4.44645000,342836.01611110,0
1776825240000,77091.15000000,77142.05000000,77083.44000000,77134.04000000,8.84233000,1776825299999,681783.04041420,2783,4.51524000,348118.12514900,0
1776825300000,77134.05000000,77237.90000000,77134.05000000,77196.55000000,13.49995000,1776825359999,1042148.42851600,5295,10.86185000,838498.64032740,0
1776825360000,77196.55000000,77196.55000000,77135.01000000,77149.22000000,5.39809000,1776825419999,416516.75238720,3863,1.54264000,119029.94150510,0
1776825420000,77149.22000000,77149.23000000,77125.91000000,77135.69000000,4.55956000,1776825479999,351689.71899340,1748,2.11120000,162835.97045500,0
1776825480000,77135.69000000,77135.69000000,77076.94000000,77105.15000000,8.18544000,1776825539999,631171.40778930,3381,2.07649000,160105.27499840,0
1776825540000,77105.16000000,77177.68000000,77088.44000000,77102.97000000,19.80047000,1776825599999,1527152.56833810,3543,14.21654000,1096500.33758440,0
1776825600000,77102.98000000,77158.66000000,77067.43000000,77158.66000000,14.58228000,1776825659999,1124452.26666540,3911,7.28687000,561892.89653210,0
1776825660000,77158.65000000,77213.13000000,77158.65000000,77169.95000000,28.48354000,1776825719999,2198485.53532700,3862,15.64964000,1207849.44831370,0
1776825720000,77169.95000000,77306.81000000,77169.94000000,77263.79000000,16.68730000,1776825779999,1288772.26464780,5968,13.02716000,1006033.34609720,0
1776825780000,77263.79000000,77293.31000000,77234.88000000,77251.29000000,12.85565000,1776825839999,993171.39035430,3890,8.93551000,690280.30257270,0
1776825840000,77251.29000000,77279.99000000,77234.89000000,77242.46000000,7.44913000,1776825899999,575475.91446840,2278,4.31808000,333575.60466670,0
1776825900000,77242.46000000,77280.48000000,77215.69000000,77215.69000000,26.40141000,1776825959999,2039603.65392440,4247,4.37733000,338099.25973130,0
1776825960000,77215.68000000,77238.79000000,77184.54000000,77238.79000000,9.62224000,1776826019999,742924.46636590,2928,4.99546000,385643.31580380,0
1776826020000,77238.78000000,77238.79000000,77192.21000000,77207.90000000,5.37315000,1776826079999,414877.25992030,2034,1.73603000,134051.75151610,0
1776826080000,77207.90000000,77207.90000000,77178.00000000,77189.67000000,4.37923000,1776826139999,338062.59834510,1362,1.66272000,128349.26437230,0
1776826140000,77189.66000000,77192.21000000,77144.24000000,77192.21000000,9.15441000,1776826199999,706520.73949200,2849,3.57923000,276215.89418700,0
1776826200000,77192.21000000,77250.00000000,77192.20000000,77228.01000000,7.25550000,1776826259999,560292.58260470,2154,5.27992000,407707.21555550,0
1776826260000,77228.01000000,77332.65000000,77217.61000000,77294.62000000,20.96176000,1776826319999,1620184.37746920,4655,14.88790000,1150675.29348110,0
1776826320000,77294.63000000,77320.10000000,77270.56000000,77312.36000000,7.81593000,1776826379999,604187.76103870,2674,3.84631000,297316.83623360,0
1776826380000,77312.35000000,77450.00000000,77312.35000000,77323.15000000,64.54746000,1776826439999,4995140.13469350,8805,43.20165000,3343203.25903790,0
1776826440000,77323.14000000,77500.00000000,77323.14000000,77478.97000000,66.67898000,1776826499999,5163705.07862770,9763,39.78122000,3080542.34989320,0
1776826500000,77478.97000000,77493.88000000,77411.52000000,77417.71000000,25.84248000,1776826559999,2001223.72255010,4960,13.40523000,1038222.28056570,0
1776826560000,77417.71000000,77570.09000000,77417.70000000,77482.29000000,132.49771000,1776826619999,10271465.82294740,9050,106.74814000,8275130.19567090,0
1776826620000,77482.29000000,77612.26000000,77475.84000000,77475.85000000,57.44592000,1776826679999,4455388.84255570,9209,35.29787000,2737850.25612540,0
1776826680000,77475.85000000,77532.00000000,77475.85000000,77526.40000000,17.26834000,1776826739999,1338417.31237590,2706,9.87476000,765347.02073310,0
1776826740000,77526.39000000,77645.35000000,77491.56000000,77604.71000000,38.44284000,1776826799999,2982133.68368600,8634,25.98315000,2015522.14207120,0
1776826800000,77604.70000000,77678.67000000,77466.67000000,77531.79000000,67.69870000,1776826859999,5253213.94125620,11348,51.67944000,4010573.65015430,0
1776826860000,77531.79000000,77571.76000000,77502.60000000,77571.31000000,26.94378000,1776826919999,2088749.31045260,5480,18.78136000,1455894.33944890,0
1776826920000,77571.31000000,77609.55000000,77517.14000000,77594.18000000,34.70950000,1776826979999,2691959.75050270,6575,22.67514000,1758558.88537430,0
1776826980000,77594.19000000,77594.19000000,77555.41000000,77556.00000000,6.87861000,1776827039999,533581.05414790,3654,2.17799000,168941.78269320,0
1776827040000,77556.00000000,77618.00000000,77523.36000000,77604.42000000,19.43476000,1776827099999,1507627.56787590,4978,10.91615000,846762.85444220,0
1776827100000,77604.41000000,77715.08000000,77598.40000000,77598.40000000,45.30100000,1776827159999,3519102.61563060,8011,33.41516000,2595933.06017280,0
1776827160000,77598.40000000,77733.11000000,77591.22000000,77724.84000000,85.67496000,1776827219999,6656905.41095570,6627,37.24340000,2893353.83656590,0
1776827220000,77724.85000000,77728.29000000,77611.20000000,77611.69000000,14.31931000,1776827279999,1111936.33791300,3845,2.97608000,231037.87161490,0
1776827280000,77611.68000000,77611.68000000,77507.25000000,77560.02000000,56.63769000,1776827339999,4393387.30620390,6419,23.45185000,1818868.31656610,0
1776827340000,77560.02000000,77610.20000000,77536.51000000,77604.84000000,16.66236000,1776827399999,1292590.97371700,3364,10.93763000,848517.13917300,0
1776827400000,77604.84000000,77604.85000000,77591.03000000,77600.12000000,5.83626000,1776827459999,452887.58445060,1633,1.64608000,127728.02390550,0
1776827460000,77600.12000000,77646.01000000,77600.11000000,77639.68000000,5.38839000,1776827519999,418245.75921810,2237,3.48944000,270837.05212950,0
1776827520000,77639.67000000,77658.13000000,77616.54000000,77638.89000000,10.91332000,1776827579999,847288.25157830,2607,4.95185000,384415.97432280,0
1776827580000,77638.89000000,77638.89000000,77542.43000000,77542.44000000,17.06405000,1776827639999,1324507.66828790,3368,8.21964000,638035.53178780,0
1776827640000,77542.44000000,77615.67000000,77542.43000000,77606.78000000,18.75515000,1776827699999,1455049.20021900,3999,12.64925000,981265.68482680,0
1776827700000,77606.78000000,77606.78000000,77539.71000000,77548.08000000,7.79637000,1776827759999,604674.92767920,3657,2.57692000,199849.33188040,0
1776827760000,77548.08000000,77548.09000000,77439.02000000,77447.38000000,25.43162000,1776827819999,1970772.95427320,5211,9.16047000,709905.12808130,0
1776827820000,77447.39000000,77500.00000000,77439.03000000,77472.52000000,15.33447000,1776827879999,1188065.65980710,4182,8.24527000,638773.69940510,0
1776827880000,77472.53000000,77486.31000000,77439.02000000,77445.99000000,11.09899000,1776827939999,859707.87080790,2567,4.49991000,348530.48893130,0
1776827940000,77446.00000000,77446.00000000,77420.11000000,77429.22000000,11.03795000,1776827999999,854648.73485080,2649,6.83099000,528893.82420860,0
1776828000000,77429.21000000,77466.72000000,77402.94000000,77438.73000000,26.55072000,1776828059999,2056194.46750090,3993,12.04011000,932400.24347680,0
1776828060000,77438.74000000,77482.72000000,77438.74000000,77474.99000000,8.21213000,1776828119999,636182.79953960,2551,5.38928000,417486.46628770,0
1776828120000,77474.98000000,77479.07000000,77421.04000000,77459.10000000,8.80934000,1776828179999,682261.14942730,3780,4.27025000,330687.56820090,0
1776828180000,77459.10000000,77465.57000000,77422.30000000,77462.61000000,8.97308000,1776828239999,694876.29378250,2124,4.69662000,363734.79832760,0
1776828240000,77462.62000000,77500.00000000,77462.61000000,77487.11000000,4.29092000,1776828299999,332474.59633320,1807,3.10425000,240527.30323830,0
1776828300000,77487.12000000,77544.19000000,77487.11000000,77537.45000000,15.66074000,1776828359999,1213963.42866100,3479,10.05242000,779158.81239040,0
1776828360000,77537.46000000,77605.82000000,77537.46000000,77558.27000000,15.40690000,1776828419999,1195247.45756510,2975,10.46119000,811550.86843940,0
1776828420000,77558.28000000,77558.28000000,77521.57000000,77526.47000000,6.75508000,1776828479999,523841.50379680,2296,1.97619000,153238.06668290,0
1776828480000,77526.48000000,77554.00000000,77515.48000000,77515.49000000,4.81893000,1776828539999,373683.86032990,2421,1.31952000,102308.19805640,0
1776828540000,77515.49000000,77533.59000000,77515.48000000,77529.09000000,2.87550000,1776828599999,222922.02357430,912,1.56156000,121062.52927680,0
1776828600000,77529.09000000,77537.46000000,77428.00000000,77447.30000000,16.92558000,1776828659999,1311009.13149980,4791,5.22718000,404885.94646340,0
1776828660000,77447.31000000,77449.61000000,77417.35000000,77429.99000000,12.84004000,1776828719999,994244.31376420,2119,3.80637000,294763.51006230,0
1776828720000,77430.00000000,77439.99000000,77413.24000000,77425.59000000,29.84492000,1776828779999,2310749.06774000,1849,6.01136000,465445.70797330,0
1776828780000,77425.60000000,77438.00000000,77397.88000000,77437.99000000,30.26111000,1776828839999,2342611.53034900,2103,14.30836000,1107612.19314670,0
1776828840000,77438.00000000,77453.91000000,77420.56000000,77420.57000000,9.30296000,1776828899999,720405.73996490,2600,4.18952000,324412.22862910,0
1776828900000,77420.56000000,77439.43000000,77405.17000000,77434.96000000,6.20666000,1776828959999,480508.04435760,1932,1.90788000,147712.85771080,0
1776828960000,77434.96000000,77446.30000000,77431.61000000,77443.56000000,13.95888000,1776829019999,1080934.66296150,1741,3.08857000,239165.65819140,0
1776829020000,77443.57000000,77444.00000000,77424.90000000,77424.90000000,18.98786000,1776829079999,1470341.62927340,1274,3.16565000,245136.54054060,0
1776829080000,77424.91000000,77452.20000000,77424.90000000,77452.19000000,11.78973000,1776829139999,912926.71431010,1574,6.29546000,487496.94395750,0
1776829140000,77452.19000000,77452.20000000,77424.09000000,77424.09000000,4.42946000,1776829199999,343011.62324910,990,1.01354000,78487.55201390,0
1776829200000,77424.09000000,77453.36000000,77424.09000000,77450.92000000,8.55382000,1776829259999,662393.81888560,1591,5.22947000,404963.55140780,0
1776829260000,77450.92000000,77489.95000000,77450.92000000,77489.94000000,2.87375000,1776829319999,222657.29919340,1692,2.11446000,163824.61635590,0
1776829320000,77489.95000000,77528.95000000,77489.94000000,77524.79000000,8.47091000,1776829379999,656606.51493440,1462,7.23328000,560676.48908240,0
1776829380000,77524.80000000,77572.61000000,77523.79000000,77553.16000000,18.91562000,1776829439999,1466925.34009700,2303,9.96297000,772615.21761180,0
1776829440000,77553.16000000,77592.83000000,77534.00000000,77583.32000000,21.86849000,1776829499999,1696007.75330120,1550,16.98263000,1317101.35003220,0
1776829500000,77583.33000000,77612.89000000,77550.00000000,77554.96000000,7.11085000,1776829559999,551705.23813310,2465,2.73717000,212350.42287520,0
1776829560000,77554.96000000,77562.00000000,77506.73000000,77506.81000000,10.76452000,1776829619999,834458.94116370,2208,4.23377000,328185.63021350,0
1776829620000,77506.81000000,77544.97000000,77506.81000000,77533.33000000,10.31839000,1776829679999,800091.42394550,1740,2.36070000,183034.65856080,0
1776829680000,77533.33000000,77544.00000000,77500.00000000,77513.54000000,6.65054000,1776829739999,515515.57164190,1752,1.07397000,83257.45019410,0
1776829740000,77513.53000000,77557.83000000,77505.36000000,77557.82000000,7.98934000,1776829799999,619455.99665580,1993,4.96768000,385188.57445590,0
1776829800000,77557.82000000,77586.00000000,77546.00000000,77581.97000000,4.15687000,1776829859999,322393.69701410,1694,2.31749000,179737.44914870,0
1776829860000,77581.96000000,77589.16000000,77566.96000000,77589.15000000,5.42017000,1776829919999,420470.64232060,1341,1.81337000,140666.62269640,0
1776829920000,77589.16000000,77613.71000000,77575.22000000,77575.22000000,3.97127000,1776829979999,308150.52721630,2558,1.42169000,110320.53291980,0
1776829980000,77575.22000000,77595.65000000,77575.22000000,77576.52000000,4.14621000,1776830039999,321691.37780190,1311,2.56312000,198866.69884520,0
1776830040000,77576.52000000,77576.53000000,77552.19000000,77552.19000000,3.57448000,1776830099999,277258.09987870,1154,2.07389000,160865.86204910,0
1776830100000,77552.19000000,77575.55000000,77552.19000000,77564.51000000,3.82360000,1776830159999,296597.84665670,1144,2.19465000,170237.01798630,0
1776830160000,77564.50000000,77592.00000000,77538.92000000,77538.93000000,9.83834000,1776830219999,763231.82682450,2017,6.65594000,516381.07967810,0
1776830220000,77538.93000000,77596.51000000,77538.92000000,77596.51000000,13.74872000,1776830279999,1066685.18478030,2256,11.54145000,895430.65829530,0
1776830280000,77596.51000000,77614.78000000,77570.83000000,77570.83000000,30.97483000,1776830339999,2403583.36505030,2566,23.42062000,1817427.40397750,0
1776830340000,77570.83000000,77578.27000000,77521.47000000,77521.48000000,13.66430000,1776830399999,1059681.11576940,2085,3.11668000,241672.91621120,0
1776830400000,77521.47000000,77587.90000000,77520.64000000,77566.41000000,31.20940000,1776830459999,2420648.19001390,3324,24.11912000,1870664.87979670,0
1776830460000,77566.40000000,77578.59000000,77542.79000000,77558.90000000,11.09211000,1776830519999,860378.85633200,2068,3.14876000,244225.42104070,0
1776830520000,77558.91000000,77578.59000000,77528.94000000,77549.56000000,20.93078000,1776830579999,1623330.61425540,3202,7.47360000,579576.80460180,0
1776830580000,77549.56000000,77549.56000000,77510.93000000,77516.01000000,13.38204000,1776830639999,1037507.97996020,1460,1.22806000,95205.89015930,0
1776830640000,77516.02000000,77600.00000000,77516.01000000,77600.00000000,18.38910000,1776830699999,1426016.09600360,2129,15.13601000,1173762.89755660,0
1776830700000,77599.99000000,77600.00000000,77579.86000000,77599.99000000,5.18773000,1776830759999,402487.90936220,1292,3.69879000,286956.78823300,0
1776830760000,77599.99000000,77599.99000000,77562.01000000,77572.00000000,9.91173000,1776830819999,768994.92998440,1679,1.79484000,139235.25786940,0
1776830820000,77572.00000000,77581.35000000,77562.00000000,77571.96000000,2.61596000,1776830879999,202920.58944150,1057,1.09879000,85231.56345600,0
1776830880000,77571.95000000,77571.96000000,77545.17000000,77568.35000000,2.53020000,1776830939999,196230.83563460,1640,1.20814000,93693.21638470,0
1776830940000,77568.35000000,77583.98000000,77566.64000000,77569.16000000,2.62999000,1776830999999,204019.49632140,1301,0.98775000,76623.11745160,0
1776831000000,77569.16000000,77611.35000000,77569.16000000,77611.35000000,3.46924000,1776831059999,269165.92037860,1498,2.55167000,197973.00387720,0
1776831060000,77611.34000000,77624.40000000,77600.00000000,77600.00000000,6.99358000,1776831119999,542828.10142050,1607,2.52937000,196321.26976950,0
1776831120000,77600.01000000,77600.01000000,77534.10000000,77539.00000000,10.61705000,1776831179999,823507.17067180,2588,2.32007000,179935.17541800,0
1776831180000,77538.99000000,77539.00000000,77488.81000000,77518.52000000,14.56362000,1776831239999,1128905.48596420,3236,5.37232000,416403.85810670,0
1776831240000,77518.52000000,77524.45000000,77484.11000000,77484.26000000,11.07776000,1776831299999,858514.07150940,1673,2.87017000,222409.45428080,0
1776831300000,77484.27000000,77498.00000000,77460.00000000,77460.01000000,6.14229000,1776831359999,475911.23831560,1441,1.97343000,152894.67908870,0
1776831360000,77460.00000000,77465.33000000,77451.72000000,77456.05000000,4.71674000,1776831419999,365365.45568810,1355,2.04321000,158271.79845580,0
1776831420000,77456.05000000,77487.40000000,77451.72000000,77454.41000000,4.42816000,1776831479999,343032.63861750,1846,1.67896000,130054.23952720,0
1776831480000,77454.42000000,77476.50000000,77450.00000000,77458.42000000,6.60932000,1776831539999,511952.47787340,2241,3.08138000,238686.04165000,0
1776831540000,77458.42000000,77474.78000000,77439.04000000,77439.05000000,7.42894000,1776831599999,575406.39678770,1918,4.18403000,324069.70415660,0
1776831600000,77439.05000000,77439.05000000,77364.25000000,77366.11000000,10.70102000,1776831659999,828324.21719760,3726,2.21406000,171367.55304090,0
1776831660000,77366.11000000,77417.48000000,77366.11000000,77417.48000000,6.85048000,1776831719999,530222.31479360,2320,1.99718000,154569.81635170,0
1776831720000,77417.48000000,77464.25000000,77417.47000000,77464.25000000,6.13318000,1776831779999,474924.47998070,1274,2.53384000,196205.14073060,0
1776831780000,77464.25000000,77487.39000000,77446.31000000,77446.31000000,7.43237000,1776831839999,575843.14949120,2294,1.61859000,125401.08721070,0
1776831840000,77446.31000000,77446.32000000,77417.07000000,77417.07000000,3.56400000,1776831899999,275988.42400110,2106,1.19074000,92207.45180030,0
1776831900000,77417.07000000,77446.31000000,77404.71000000,77441.60000000,12.83625000,1776831959999,993648.97886060,2222,10.89711000,843526.33671480,0
1776831960000,77441.60000000,77465.27000000,77432.75000000,77465.24000000,28.16795000,1776832019999,2181758.07867440,1677,24.81835000,1922352.91828660,0
1776832020000,77465.23000000,77513.60000000,77465.23000000,77513.59000000,4.26735000,1776832079999,330672.84819540,1402,3.76150000,291477.45750920,0
1776832080000,77513.59000000,77515.46000000,77503.42000000,77503.43000000,4.71085000,1776832139999,365153.66331870,848,2.63744000,204435.29639050,0
1776832140000,77503.43000000,77512.30000000,77494.21000000,77507.02000000,12.13029000,1776832199999,940119.49027120,1241,8.02171000,621665.14632930,0
1776832200000,77507.03000000,77523.20000000,77498.61000000,77501.06000000,5.10208000,1776832259999,395463.86562380,1999,1.40813000,109137.80374970,0
1776832260000,77501.06000000,77534.40000000,77501.06000000,77524.40000000,4.84864000,1776832319999,375889.29412780,1562,2.22743000,172671.37148440,0
1776832320000,77524.40000000,77527.89000000,77504.91000000,77504.91000000,7.71670000,1776832379999,598143.35960870,1666,3.38153000,262112.83207450,0
1776832380000,77504.91000000,77519.84000000,77483.15000000,77503.62000000,5.02013000,1776832439999,389075.81685620,2128,1.92643000,149294.99558650,0
1776832440000,77503.63000000,77503.63000000,77494.22000000,77500.01000000,6.93950000,1776832499999,537828.75259870,910,1.47479000,114297.24371030,0
1776832500000,77500.00000000,77507.45000000,77473.87000000,77494.53000000,4.60722000,1776832559999,357058.26375440,1731,1.29150000,100077.40791520,0
1776832560000,77494.52000000,77523.81000000,77494.52000000,77515.38000000,4.26166000,1776832619999,330339.77902340,1236,2.45408000,190212.48855310,0
1776832620000,77515.38000000,77534.40000000,77515.38000000,77534.39000000,2.25342000,1776832679999,174702.73164880,722,1.95665000,151693.68747320,0
1776832680000,77534.39000000,77556.20000000,77534.39000000,77556.20000000,7.60684000,1776832739999,589841.67593750,1458,7.02780000,544938.82118670,0
1776832740000,77556.20000000,77650.00000000,77556.20000000,77650.00000000,12.77612000,1776832799999,991643.09435870,3451,9.04532000,702052.06574860,0
1776832800000,77649.99000000,77700.00000000,77649.99000000,77686.14000000,20.10025000,1776832859999,1561436.32910250,4088,12.64697000,982419.00965020,0
1776832860000,77686.14000000,77686.14000000,77618.90000000,77629.89000000,9.77674000,1776832919999,759204.36616910,2291,3.76532000,292381.20168310,0
1776832920000,77629.89000000,77629.89000000,77598.16000000,77628.80000000,5.40883000,1776832979999,419788.32782950,1799,1.79113000,139010.95212780,0
1776832980000,77628.81000000,77628.81000000,77585.28000000,77585.29000000,5.58547000,1776833039999,433514.99422210,1850,1.47032000,114114.71739740,0
1776833040000,77585.28000000,77585.29000000,77561.59000000,77562.02000000,3.76015000,1776833099999,291653.77380700,941,1.68518000,130706.01466830,0
1776833100000,77562.02000000,77562.03000000,77526.00000000,77555.02000000,5.14029000,1776833159999,398584.16980070,1818,1.23264000,95570.69409060,0
1776833160000,77555.02000000,77565.12000000,77545.49000000,77565.11000000,5.16121000,1776833219999,400276.43074470,1350,3.38989000,262904.40586160,0
1776833220000,77565.11000000,77589.71000000,77557.69000000,77580.00000000,3.29444000,1776833279999,255583.34346500,1642,0.75386000,58483.32787700,0
1776833280000,77580.01000000,77580.01000000,77571.42000000,77571.43000000,1.44953000,1776833339999,112448.59311860,747,0.53283000,41334.80251410,0
1776833340000,77571.42000000,77576.50000000,77523.10000000,77523.10000000,3.72853000,1776833399999,289197.10016260,1650,1.77208000,137453.00715030,0
1776833400000,77523.10000000,77524.34000000,77510.55000000,77523.00000000,5.48056000,1776833459999,424837.20146000,809,2.58030000,200014.93587940,0
1776833460000,77522.99000000,77523.00000000,77500.00000000,77500.01000000,5.60164000,1776833519999,434195.25205070,1138,0.31713000,24581.74141010,0
1776833520000,77500.00000000,77559.00000000,77465.63000000,77526.32000000,23.67043000,1776833579999,1834619.33781180,4202,9.41208000,729494.10339560,0
1776833580000,77526.33000000,77536.18000000,77479.65000000,77501.16000000,6.67764000,1776833639999,517578.66364400,1964,3.41615000,264770.81062900,0
1776833640000,77501.15000000,77501.16000000,77472.00000000,77472.01000000,2.89613000,1776833699999,224409.98549580,1145,1.13347000,87829.16705000,0
1776833700000,77472.00000000,77472.00000000,77450.33000000,77450.34000000,3.47757000,1776833759999,269357.34064610,1120,0.37953000,29396.23315830,0
1776833760000,77450.34000000,77474.40000000,77450.33000000,77463.01000000,3.72948000,1776833819999,288901.85125070,988,1.63879000,126945.22242840,0
1776833820000,77463.00000000,77474.40000000,77452.91000000,77474.40000000,4.72544000,1776833879999,366088.06607120,991,1.35141000,104692.25125460,0
1776833880000,77474.40000000,77474.40000000,77464.92000000,77464.93000000,3.13890000,1776833939999,243180.38973820,774,0.63164000,48933.49930130,0
1776833940000,77464.93000000,77523.01000000,77464.92000000,77523.00000000,72.50278000,1776833999999,5619247.49295310,1147,52.64676000,4079987.43560090,0
1776834000000,77523.01000000,77531.48000000,77478.12000000,77482.00000000,85.37364000,1776834059999,6615823.96191400,4868,7.33715000,568515.41514680,0
1776834060000,77482.00000000,77482.01000000,77450.00000000,77450.01000000,3.15090000,1776834119999,244106.76595280,1201,0.55726000,43170.79353450,0
1776834120000,77450.00000000,77461.60000000,77450.00000000,77450.01000000,4.63974000,1776834179999,359354.84498970,772,2.58886000,200511.38155000,0
1776834180000,77450.01000000,77469.51000000,77450.01000000,77469.50000000,4.27969000,1776834239999,331504.86568440,1100,2.19652000,170134.31041510,0
1776834240000,77469.50000000,77497.12000000,77468.72000000,77483.61000000,4.61044000,1776834299999,357212.77181240,1522,3.11612000,241415.85341930,0
1776834300000,77483.62000000,77526.00000000,77476.47000000,77476.47000000,6.41237000,1776834359999,496975.74155140,2638,3.77129000,292287.76331260,0
1776834360000,77476.46000000,77484.22000000,77450.00000000,77468.32000000,8.69473000,1776834419999,673521.29458340,2188,1.90545000,147599.98626070,0
1776834420000,77468.32000000,77497.14000000,77454.00000000,77497.14000000,9.31298000,1776834479999,721630.95985420,1783,4.96864000,385010.33073760,0
1776834480000,77497.13000000,77566.46000000,77497.13000000,77565.53000000,8.35774000,1776834539999,648029.06369510,1688,3.67425000,284849.05497750,0
1776834540000,77565.53000000,77578.65000000,77548.48000000,77548.49000000,2.99494000,1776834599999,232322.34769710,1738,0.93689000,72673.75876230,0
1776834600000,77548.48000000,77568.36000000,77539.49000000,77539.50000000,3.29772000,1776834659999,255725.55088610,1417,2.16190000,167642.39209700,0
1776834660000,77539.49000000,77549.36000000,77523.62000000,77523.63000000,9.56255000,1776834719999,741390.41446180,1072,0.53708000,41642.35431920,0
1776834720000,77523.64000000,77560.60000000,77523.63000000,77560.60000000,1.74389000,1776834779999,135233.28988670,951,0.94536000,73309.23866270,0
1776834780000,77560.60000000,77589.78000000,77560.59000000,77572.56000000,3.25187000,1776834839999,252276.89349070,1656,1.72836000,134076.23583800,0
1776834840000,77572.57000000,77572.57000000,77548.61000000,77548.62000000,2.03637000,1776834899999,157941.26836900,1161,0.85302000,66160.97925590,0
1776834900000,77548.62000000,77548.62000000,77525.33000000,77525.34000000,1.57977000,1776834959999,122492.85839290,785,1.04855000,81304.17453940,0
1776834960000,77525.33000000,77891.39000000,77525.33000000,77874.17000000,160.03717000,1776835019999,12445022.66075710,18711,114.55213000,8908274.18558060,0
1776835020000,77874.17000000,77999.99000000,77861.14000000,77912.57000000,90.25799000,1776835079999,7034186.53793090,14927,68.15126000,5311350.61843770,0
1776835080000,77913.29000000,78012.55000000,77857.04000000,77857.05000000,141.82075000,1776835139999,11058802.40694290,12162,97.96847000,7640414.57882510,0
1776835140000,77857.05000000,77978.16000000,77848.28000000,77939.67000000,30.07522000,1776835199999,2343207.18029990,7264,17.36256000,1352655.40509110,0
1776835200000,77939.66000000,77968.40000000,77883.41000000,77922.86000000,30.55791000,1776835259999,2380975.75479220,6363,23.57556000,1836850.02196370,0
1776835260000,77922.86000000,78173.15000000,77890.00000000,78012.38000000,117.08448000,1776835319999,9139221.07014780,14149,86.48492000,6750831.05734190,0
1776835320000,78012.39000000,78115.57000000,78012.39000000,78041.21000000,56.17600000,1776835379999,4385232.89765140,6986,28.43706000,2219911.71937260,0
1776835380000,78041.20000000,78183.19000000,78030.39000000,78143.20000000,63.10313000,1776835439999,4928350.26011520,4853,40.94697000,3197619.09639660,0
1776835440000,78142.83000000,78450.00000000,78136.56000000,78225.33000000,246.65734000,1776835499999,19318926.93893980,22059,155.66986000,12191336.87087770,0
1776835500000,78225.32000000,78452.18000000,78225.32000000,78372.50000000,120.70751000,1776835559999,9461982.46238270,13389,61.17803000,4794994.85091970,0
1776835560000,78372.51000000,78381.31000000,78261.14000000,78275.53000000,72.68668000,1776835619999,5692543.87533130,7513,22.02097000,1724610.14270330,0
1776835620000,78275.53000000,78275.54000000,78107.56000000,78142.23000000,73.31524000,1776835679999,5732589.90290600,6154,14.32890000,1120362.41362620,0
1776835680000,78142.22000000,78286.99000000,78129.83000000,78280.01000000,106.86127000,1776835739999,8358725.83536590,4692,76.24508000,5963075.57898270,0
1776835740000,78280.00000000,78300.00000000,78245.41000000,78258.53000000,26.66556000,1776835799999,2086906.19599130,3282,13.53444000,1059200.78654120,0
1776835800000,78258.53000000,78336.70000000,78238.00000000,78238.00000000,58.82341000,1776835859999,4605812.56229000,9540,44.66528000,3497227.47839950,0
1776835860000,78238.01000000,78262.04000000,78198.00000000,78198.00000000,22.61368000,1776835919999,1769199.00294060,3672,11.28491000,882879.70978810,0
1776835920000,78198.00000000,78209.94000000,78122.15000000,78201.28000000,33.17013000,1776835979999,2592760.03150450,5181,16.52750000,1291889.88386850,0
1776835980000,78201.27000000,78300.00000000,78196.77000000,78265.86000000,28.84603000,1776836039999,2257489.08319930,3925,15.84864000,1240096.86718920,0
1776836040000,78265.86000000,78276.40000000,78186.15000000,78189.25000000,28.35014000,1776836099999,2218178.20620120,5399,6.18654000,483985.92089030,0
1776836100000,78189.24000000,78244.45000000,78172.74000000,78234.40000000,31.12793000,1776836159999,2434664.34141530,4958,17.60796000,1377144.16927830,0
1776836160000,78234.40000000,78234.41000000,78128.40000000,78128.40000000,17.53262000,1776836219999,1370858.22050630,4354,2.47097000,193189.61001700,0
1776836220000,78128.40000000,78130.21000000,78074.89000000,78116.68000000,21.83626000,1776836279999,1705547.24301580,3857,8.38429000,654814.75707320,0
1776836280000,78116.67000000,78116.68000000,78050.00000000,78050.00000000,21.93470000,1776836339999,1712988.74172400,4009,5.56474000,434564.86587050,0
1776836340000,78050.00000000,78058.22000000,78027.01000000,78034.37000000,17.53172000,1776836399999,1368253.38209910,2387,3.98592000,311061.92706710,0
1776836400000,78034.37000000,78244.38000000,78002.62000000,78234.11000000,69.35333000,1776836459999,5419826.76240850,6642,53.71911000,4198051.30660380,0
1776836460000,78234.11000000,78368.91000000,78190.28000000,78196.39000000,72.83078000,1776836519999,5703063.22045060,10410,33.28213000,2606385.01377570,0
1776836520000,78196.40000000,78203.60000000,78139.28000000,78151.08000000,21.21005000,1776836579999,1658107.73005340,3877,9.17737000,717325.57325190,0
1776836580000,78151.07000000,78168.72000000,78132.06000000,78160.89000000,19.10968000,1776836639999,1493392.62428800,3341,12.83606000,1003123.82287020,0
1776836640000,78160.89000000,78167.58000000,78133.51000000,78133.52000000,10.80848000,1776836699999,844665.64388850,2100,6.20840000,485173.48104660,0
1776836700000,78133.52000000,78139.76000000,78101.59000000,78128.96000000,26.38980000,1776836759999,2061584.02765000,3672,13.71863000,1071642.23873700,0
1776836760000,78128.60000000,78150.85000000,78096.00000000,78112.09000000,19.68197000,1776836819999,1537581.07818710,3864,13.65159000,1066469.99150430,0
1776836820000,78112.09000000,78147.14000000,78104.04000000,78132.50000000,13.72688000,1776836879999,1072434.55401880,3241,9.97701000,779458.70262420,0
1776836880000,78132.50000000,78132.50000000,78075.17000000,78088.30000000,17.02468000,1776836939999,1329660.68556050,3592,9.99331000,780480.21573260,0
1776836940000,78088.31000000,78111.36000000,78088.30000000,78093.30000000,11.36096000,1776836999999,887319.53785940,1810,5.36553000,419049.81784350,0
1776837000000,78093.30000000,78093.30000000,78044.54000000,78046.02000000,7.87676000,1776837059999,614857.46833890,2510,2.05576000,160458.15637130,0
1776837060000,78046.02000000,78114.09000000,78046.02000000,78070.01000000,35.18487000,1776837119999,2747320.31853180,4261,17.52162000,1368031.34456160,0
1776837120000,78070.00000000,78150.00000000,78030.79000000,78030.80000000,38.32880000,1776837179999,2993862.34597730,5421,16.60652000,1297108.04978910,0
1776837180000,78030.80000000,78030.80000000,77962.42000000,77995.80000000,47.11687000,1776837239999,3674592.70632760,2775,4.76151000,371350.30150730,0
1776837240000,77995.80000000,78096.09000000,77968.34000000,78096.08000000,45.26862000,1776837299999,3531224.64391020,3385,36.31312000,2832797.37957920,0
1776837300000,78094.25000000,78211.14000000,78075.29000000,78153.73000000,71.01787000,1776837359999,5551018.06852280,5044,27.77513000,2170796.17578500,0
1776837360000,78153.74000000,78153.74000000,78060.75000000,78060.76000000,16.55181000,1776837419999,1292819.20214240,3847,3.04234000,237593.07144780,0
1776837420000,78060.76000000,78060.76000000,78010.00000000,78028.23000000,24.71192000,1776837479999,1928198.57386920,3221,4.09889000,319802.89055860,0
1776837480000,78028.24000000,78049.86000000,78001.97000000,78012.61000000,21.13675000,1776837539999,1649188.36450500,3191,8.36883000,652970.96880160,0
1776837540000,78012.62000000,78013.72000000,77994.93000000,77994.93000000,20.72570000,1776837599999,1616727.59928780,2049,6.21675000,484942.88114400,0
1776837600000,77994.92000000,78007.37000000,77958.18000000,77969.62000000,14.67493000,1776837659999,1144477.75289290,3552,9.15196000,713751.87672530,0
1776837660000,77969.62000000,77973.71000000,77920.00000000,77936.48000000,21.28877000,1776837719999,1659260.78795240,3522,6.41983000,500324.64243620,0
1776837720000,77936.48000000,77977.99000000,77932.17000000,77977.98000000,6.73174000,1776837779999,524812.22036340,2045,3.63669000,283512.14422700,0
1776837780000,77977.98000000,77983.92000000,77965.11000000,77965.12000000,4.78118000,1776837839999,372828.70504660,1093,2.08687000,162730.89019690,0
1776837840000,77965.12000000,77965.12000000,77941.80000000,77959.84000000,9.30244000,1776837899999,725160.42000740,1594,2.74635000,214099.06896500,0
1776837900000,77959.84000000,77974.65000000,77939.95000000,77971.51000000,5.20235000,1776837959999,405560.49183230,2203,3.55023000,276765.54161010,0
1776837960000,77971.50000000,77971.51000000,77930.00000000,77941.79000000,68.24108000,1776838019999,5318894.00152130,2373,24.77507000,1930846.81450740,0
1776838020000,77941.80000000,77967.00000000,77941.79000000,77950.86000000,36.76616000,1776838079999,2865965.65277720,2295,29.29528000,2283578.79718900,0
1776838080000,77950.86000000,77953.89000000,77913.23000000,77918.76000000,47.78009000,1776838139999,3723749.34093870,2349,4.99197000,389045.82474550,0
1776838140000,77918.77000000,77942.00000000,77916.18000000,77941.99000000,6.77190000,1776838199999,527707.72642250,1207,5.35349000,417174.82535330,0
1776838200000,77941.99000000,77955.83000000,77928.18000000,77928.18000000,4.87625000,1776838259999,380051.73822800,1598,1.74213000,135777.87046420,0
1776838260000,77928.19000000,77946.52000000,77919.31000000,77922.80000000,7.56386000,1776838319999,589462.00908870,1768,4.60778000,359091.70330230,0
1776838320000,77922.80000000,77964.53000000,77922.80000000,77953.33000000,4.84550000,1776838379999,377691.11620200,1461,2.77303000,216152.94457520,0
1776838380000,77953.33000000,78011.79000000,77953.32000000,78011.79000000,9.15701000,1776838439999,714005.42274640,1614,5.57976000,435122.24416150,0
1776838440000,78011.79000000,78015.16000000,77925.28000000,77950.76000000,32.45016000,1776838499999,2529935.95618020,1811,6.93446000,540616.38219130,0
1776838500000,77950.76000000,77989.70000000,77950.75000000,77989.70000000,12.29101000,1776838559999,958252.66935040,2464,4.00507000,312228.28724120,0
1776838560000,77989.69000000,78014.16000000,77989.69000000,78000.00000000,3.34440000,1776838619999,260871.42704420,963,1.92347000,150034.63634440,0
1776838620000,78000.01000000,78000.01000000,77963.09000000,77984.72000000,3.87931000,1776838679999,302515.73869730,2028,1.59704000,124529.69468420,0
1776838680000,77984.73000000,78011.82000000,77984.72000000,77997.99000000,11.78267000,1776838739999,919028.23284200,1862,5.02506000,391933.07611240,0
1776838740000,77997.98000000,78001.97000000,77984.72000000,77996.42000000,5.89158000,1776838799999,459525.34856640,1141,2.41088000,188040.33346810,0
1776838800000,77996.41000000,78031.59000000,77996.41000000,78031.57000000,14.24503000,1776838859999,1111384.14810220,1693,10.25314000,799935.16358360,0
1776838860000,78031.57000000,78042.83000000,78018.00000000,78042.83000000,3.37150000,1776838919999,263071.36005610,1258,1.94977000,152135.81599610,0
1776838920000,78042.84000000,78042.84000000,78025.00000000,78028.06000000,3.48408000,1776838979999,271882.84532870,1467,1.17262000,91501.95651290,0
1776838980000,78028.07000000,78028.07000000,77972.97000000,77976.91000000,3.95475000,1776839039999,308462.56111990,1557,0.61128000,47671.53644270,0
1776839040000,77976.92000000,77976.92000000,77921.48000000,77951.06000000,4.78925000,1776839099999,373284.38179920,2563,1.62234000,126447.06349740,0
1776839100000,77951.06000000,77992.28000000,77951.06000000,77974.20000000,13.34007000,1776839159999,1040269.55454970,1178,11.66219000,909434.41860650,0
1776839160000,77974.20000000,77991.33000000,77960.74000000,77991.33000000,2.09196000,1776839219999,163129.17398990,1469,0.96947000,75598.54184750,0
1776839220000,77991.33000000,77991.33000000,77968.48000000,77974.37000000,7.81660000,1776839279999,609554.34193140,2112,2.87610000,224282.75631890,0
1776839280000,77974.37000000,77997.47000000,77935.05000000,77935.05000000,18.00788000,1776839339999,1403929.64298800,2416,1.52356000,118806.01765750,0
1776839340000,77935.05000000,77972.86000000,77924.39000000,77972.85000000,7.06066000,1776839399999,550331.87848840,1782,2.64856000,206438.21510680,0
1776839400000,77972.86000000,78012.85000000,77972.86000000,77989.74000000,7.50718000,1776839459999,585540.03001900,2504,3.02638000,236048.27627380,0
1776839460000,77989.73000000,77999.34000000,77964.00000000,77964.00000000,5.07382000,1776839519999,395667.11202560,1901,0.49196000,38360.55817740,0
1776839520000,77964.00000000,77988.18000000,77955.04000000,77980.72000000,5.61132000,1776839579999,437528.43315040,2286,1.43737000,112070.63408970,0
1776839580000,77980.72000000,78012.85000000,77972.00000000,77972.00000000,3.45473000,1776839639999,269451.62191830,1676,2.15630000,168184.22321830,0
1776839640000,77972.01000000,77996.86000000,77939.45000000,77939.46000000,10.56449000,1776839699999,823690.55873650,2218,4.06265000,316791.07147260,0
1776839700000,77939.45000000,77947.77000000,77909.09000000,77947.77000000,7.97783000,1776839759999,621698.63281150,2453,2.02506000,157800.82344330,0
1776839760000,77947.77000000,77949.84000000,77926.14000000,77941.75000000,3.00776000,1776839819999,234414.76687010,1271,1.68956000,131682.02085290,0
1776839820000,77941.75000000,77955.46000000,77910.54000000,77923.55000000,7.40475000,1776839879999,577021.01895440,1642,2.97238000,231624.21612800,0
1776839880000,77923.55000000,77933.00000000,77900.00000000,77933.00000000,2.54414000,1776839939999,198220.46194670,1580,1.79111000,139549.77020300,0
1776839940000,77933.00000000,77945.85000000,77926.00000000,77945.85000000,2.45603000,1776839999999,191418.30129400,1358,1.82776000,142452.49153890,0
1776840000000,77945.85000000,77987.29000000,77945.84000000,77955.84000000,4.79086000,1776840059999,373563.30909220,1833,2.22195000,173250.34124910,0
1776840060000,77955.85000000,77984.05000000,77950.00000000,77962.83000000,9.73276000,1776840119999,758783.96292760,2058,4.59843000,358497.84582440,0
1776840120000,77962.83000000,77962.84000000,77942.91000000,77953.19000000,2.49862000,1776840179999,194780.94269920,905,0.71994000,56123.43072780,0
1776840180000,77953.19000000,77963.48000000,77931.85000000,77963.47000000,1.22457000,1776840239999,95457.83820140,1165,0.59496000,46378.56803040,0
1776840240000,77963.47000000,77976.23000000,77963.47000000,77971.26000000,4.70917000,1776840299999,367157.95100480,994,4.22139000,329124.98687740,0
1776840300000,77971.26000000,77971.26000000,77925.06000000,77961.75000000,6.42865000,1776840359999,501098.39765470,2172,1.42728000,111231.60066320,0
1776840360000,77961.75000000,77997.60000000,77958.59000000,77992.15000000,6.37741000,1776840419999,497310.98223790,1556,4.80298000,374556.44316500,0
1776840420000,77992.15000000,77992.15000000,77964.86000000,77965.16000000,12.12906000,1776840479999,945725.94310350,1427,5.62483000,438574.66652310,0
1776840480000,77965.17000000,77990.78000000,77965.16000000,77969.00000000,2.79032000,1776840539999,217569.65665910,1156,2.33545000,182099.43713910,0
1776840540000,77969.01000000,77984.61000000,77957.48000000,77959.10000000,8.50491000,1776840599999,663106.03500580,1365,2.20682000,172063.85800680,0
1776840600000,77959.11000000,78006.12000000,77959.10000000,78006.11000000,13.29418000,1776840659999,1036874.76916640,1545,7.67005000,598190.71864160,0
1776840660000,78006.11000000,78018.00000000,78006.11000000,78014.65000000,2.58621000,1776840719999,201757.31124080,786,1.54952000,120881.32390450,0
1776840720000,78014.66000000,78014.66000000,77961.62000000,77972.86000000,8.42921000,1776840779999,657231.02468800,1823,4.71676000,367739.55818240,0
1776840780000,77972.87000000,77985.62000000,77968.12000000,77973.11000000,5.67855000,1776840839999,442785.45073050,1162,2.13459000,166447.77208290,0
1776840840000,77973.12000000,78014.65000000,77973.11000000,78014.64000000,10.13912000,1776840899999,790754.20796540,1121,9.37087000,730831.26818330,0
1776840900000,78014.64000000,78017.36000000,77984.00000000,77984.00000000,5.14952000,1776840959999,401687.07455710,1511,0.87840000,68517.48692440,0
1776840960000,77984.01000000,78000.00000000,77967.11000000,77977.78000000,6.27102000,1776841019999,489014.30809310,1458,4.77498000,372349.86370180,0
1776841020000,77977.78000000,77981.32000000,77964.07000000,77975.97000000,5.43304000,1776841079999,423634.63268090,1165,2.80805000,218952.98127130,0
1776841080000,77975.96000000,77993.99000000,77975.96000000,77993.99000000,3.38853000,1776841139999,264234.18952060,508,1.85115000,144352.92167680,0
1776841140000,77993.99000000,78011.33000000,77993.98000000,78010.72000000,5.94393000,1776841199999,463620.33056210,656,4.59729000,358585.25701560,0
1776841200000,78010.73000000,78025.97000000,77988.11000000,77988.11000000,6.59179000,1776841259999,514226.24383530,1915,4.86953000,379873.99503590,0
1776841260000,77988.12000000,78023.42000000,77968.00000000,78001.62000000,7.51179000,1776841319999,585806.91568470,2823,4.90243000,382299.96992360,0
1776841320000,78001.62000000,78017.62000000,77967.31000000,78015.93000000,15.97578000,1776841379999,1246167.21993210,2638,4.81900000,375843.38431660,0
1776841380000,78015.93000000,78023.42000000,78002.36000000,78006.68000000,10.49287000,1776841439999,818620.56386590,2472,3.76119000,293433.42450830,0
1776841440000,78006.68000000,78019.54000000,77993.02000000,77997.86000000,7.78821000,1776841499999,607481.98252360,1704,3.72841000,290810.10768180,0
1776841500000,77997.87000000,78023.40000000,77997.86000000,78023.39000000,4.44652000,1776841559999,346880.41248450,989,3.21479000,250782.89057040,0
1776841560000,78023.39000000,78023.40000000,78000.01000000,78023.40000000,4.86323000,1776841619999,379385.46240680,1156,2.18900000,170759.76206790,0
1776841620000,78023.40000000,78023.40000000,78000.00000000,78010.52000000,3.88957000,1776841679999,303418.97851430,1311,2.25183000,175655.66921110,0
1776841680000,78010.53000000,78023.00000000,78010.52000000,78023.00000000,6.12602000,1776841739999,477906.72624280,904,3.53662000,275899.24571070,0
1776841740000,78022.99000000,78062.41000000,78022.99000000,78039.20000000,11.92773000,1776841799999,930847.42509370,1311,7.66721000,598370.14430920,0
1776841800000,78039.21000000,78039.21000000,78004.19000000,78004.19000000,8.50098000,1776841859999,663251.08720060,1172,6.64670000,518579.80123010,0
1776841860000,78004.19000000,78023.58000000,77993.11000000,78023.57000000,7.84159000,1776841919999,611635.53432370,1182,5.46487000,426241.83195780,0
1776841920000,78023.57000000,78033.26000000,78023.57000000,78033.26000000,3.59279000,1776841979999,280323.24315100,490,2.09736000,163643.71326390,0
1776841980000,78033.26000000,78048.57000000,78017.13000000,78048.57000000,6.91227000,1776842039999,539411.56255350,1508,5.33260000,416137.69572930,0
1776842040000,78048.56000000,78111.00000000,78044.55000000,78105.21000000,29.59513000,1776842099999,2311264.57031850,2179,23.79945000,1858583.92177880,0
1776842100000,78105.22000000,78105.22000000,78091.45000000,78092.19000000,7.08755000,1776842159999,553536.88393220,1421,4.27827000,334136.91793660,0
1776842160000,78092.18000000,78092.19000000,78029.44000000,78068.23000000,8.85758000,1776842219999,691388.02886600,2974,4.86431000,379642.41382760,0
1776842220000,78068.23000000,78068.24000000,78018.35000000,78018.36000000,4.60039000,1776842279999,358956.80694540,1939,1.45799000,113760.52109760,0
1776842280000,78018.36000000,78027.86000000,77973.55000000,77973.55000000,10.77800000,1776842339999,840672.32820120,2013,3.19479000,249220.70116660,0
1776842340000,77973.56000000,77977.53000000,77952.91000000,77966.83000000,5.28332000,1776842399999,411926.91572340,1307,2.72481000,212450.32275370,0
1776842400000,77966.83000000,77970.48000000,77887.10000000,77895.49000000,22.41728000,1776842459999,1746580.74291190,2859,5.19877000,404975.59130300,0
1776842460000,77895.50000000,77919.95000000,77861.88000000,77861.88000000,15.39536000,1776842519999,1199354.81897520,2789,7.87245000,613339.31845590,0
1776842520000,77861.89000000,77887.01000000,77825.94000000,77825.95000000,16.90132000,1776842579999,1315858.37469700,4105,5.77929000,449955.91929020,0
1776842580000,77825.95000000,77891.71000000,77825.00000000,77875.84000000,13.78983000,1776842639999,1073475.32889630,3664,6.18493000,481459.20369810,0
1776842640000,77875.84000000,77918.17000000,77875.83000000,77882.03000000,27.20310000,1776842699999,2118829.94754350,2294,3.72196000,289937.28774570,0
1776842700000,77882.02000000,77899.85000000,77882.02000000,77889.10000000,16.77414000,1776842759999,1306561.79503550,1229,14.88111000,1159106.81239560,0
1776842760000,77889.10000000,77889.11000000,77834.00000000,77839.80000000,23.60556000,1776842819999,1837660.61995550,2468,3.09870000,241242.16013460,0
1776842820000,77839.80000000,77850.00000000,77828.91000000,77846.80000000,7.65924000,1776842879999,596177.73618090,1473,5.27056000,410240.81950300,0
1776842880000,77846.80000000,77883.73000000,77846.79000000,77863.25000000,7.79405000,1776842939999,606911.68312930,2612,6.28601000,489485.52382670,0
1776842940000,77863.24000000,77893.91000000,77850.74000000,77893.90000000,11.20899000,1776842999999,872774.08088850,1498,8.36686000,651479.22768490,0
1776843000000,77893.90000000,77893.91000000,77861.18000000,77861.18000000,9.30136000,1776843059999,724339.98244010,2078,1.03372000,80492.70355680,0
1776843060000,77861.19000000,77866.85000000,77837.86000000,77858.50000000,18.30734000,1776843119999,1425308.93187040,2676,8.80206000,685257.09996730,0
1776843120000,77858.50000000,77899.75000000,77858.50000000,77889.22000000,7.97584000,1776843179999,621201.22901190,1730,2.36416000,184100.61538100,0
1776843180000,77889.23000000,77909.91000000,77871.06000000,77880.78000000,13.64092000,1776843239999,1062455.18870980,2639,5.43611000,423401.45745250,0
1776843240000,77880.78000000,77897.56000000,77880.78000000,77897.56000000,9.78805000,1776843299999,762387.67782780,1446,2.90859000,226535.95856670,0
1776843300000,77897.56000000,77970.00000000,77897.56000000,77967.12000000,11.38431000,1776843359999,887321.70496260,1978,6.01788000,469045.87497970,0
1776843360000,77967.12000000,77967.12000000,77945.00000000,77945.01000000,13.33630000,1776843419999,1039624.33434840,1308,2.42889000,189338.88212370,0
1776843420000,77945.00000000,77945.01000000,77923.98000000,77923.98000000,11.53404000,1776843479999,898913.74413990,1237,1.65425000,128917.18770140,0
1776843480000,77923.98000000,77923.99000000,77885.89000000,77904.85000000,19.09760000,1776843539999,1487772.85895710,1880,6.85008000,533644.33400170,0
1776843540000,77904.84000000,77904.85000000,77867.83000000,77894.57000000,16.80663000,1776843599999,1309158.93465820,1941,4.62445000,360193.69583300,0
1776843600000,77894.58000000,77903.31000000,77875.37000000,77898.48000000,13.16252000,1776843659999,1025215.38851400,1809,3.29744000,256830.43993740,0
1776843660000,77898.48000000,77936.11000000,77898.48000000,77925.71000000,10.25704000,1776843719999,799150.20965810,1553,3.83301000,298616.74055530,0
1776843720000,77925.70000000,77981.00000000,77918.01000000,77981.00000000,14.01599000,1776843779999,1092377.77792860,2316,7.69603000,599793.59963980,0
1776843780000,77980.99000000,78066.40000000,77980.99000000,78062.24000000,26.18187000,1776843839999,2042578.68549910,2723,10.34113000,806769.29215840,0
1776843840000,78062.24000000,78067.11000000,78038.75000000,78062.69000000,25.13053000,1776843899999,1961496.15614340,2530,4.04213000,315476.61008360,0
1776843900000,78063.39000000,78100.00000000,78063.39000000,78077.47000000,12.15153000,1776843959999,948824.54690720,2016,5.70488000,445458.13243720,0
1776843960000,78077.48000000,78085.30000000,78042.38000000,78085.30000000,32.08055000,1776844019999,2504440.21629330,2121,21.37470000,1668745.49875850,0
1776844020000,78085.29000000,78110.00000000,78074.14000000,78092.07000000,20.63292000,1776844079999,1611111.28313120,2128,10.36616000,809405.45744750,0
1776844080000,78092.06000000,78092.06000000,78048.31000000,78048.32000000,13.29362000,1776844139999,1037774.79309790,1892,1.78688000,139480.66801360,0
1776844140000,78048.32000000,78048.32000000,77990.51000000,78000.00000000,13.52625000,1776844199999,1055245.48074480,2060,2.96693000,231434.67545110,0
1776844200000,77999.99000000,78058.55000000,77999.99000000,78041.34000000,16.02901000,1776844259999,1250835.26809790,2460,9.62746000,751273.71749330,0
1776844260000,78041.35000000,78055.78000000,78030.45000000,78055.56000000,23.51729000,1776844319999,1835437.60447650,1675,9.06581000,707515.33622890,0
1776844320000,78055.56000000,78055.57000000,78020.85000000,78020.86000000,33.07592000,1776844379999,2581284.35483770,1371,2.21696000,173029.33918500,0
1776844380000,78020.86000000,78030.46000000,77972.57000000,77983.13000000,20.05774000,1776844439999,1564554.73193180,3301,6.05791000,472580.30730150,0
1776844440000,77983.13000000,78003.97000000,77978.86000000,77993.50000000,13.63719000,1776844499999,1063540.58232150,1463,6.94569000,541673.41812840,0
1776844500000,77993.49000000,78016.10000000,77987.71000000,78001.77000000,11.75781000,1776844559999,917113.81510990,1446,5.08605000,396708.22874890,0
1776844560000,78001.76000000,78032.07000000,78000.00000000,78032.07000000,20.50630000,1776844619999,1599926.79706800,1157,12.62909000,985379.30061800,0
1776844620000,78032.06000000,78064.11000000,78032.06000000,78064.11000000,33.01913000,1776844679999,2576976.09042670,1448,26.33386000,2055204.13848710,0
1776844680000,78064.11000000,78078.04000000,78064.11000000,78072.86000000,18.60213000,1776844739999,1452277.80908470,878,12.28024000,958709.08412000,0
1776844740000,78072.85000000,78078.00000000,77994.17000000,78012.79000000,43.30669000,1776844799999,3379201.43979150,2526,24.48056000,1910037.25212480,0
1776844800000,78012.78000000,78058.54000000,78012.78000000,78057.49000000,33.27169000,1776844859999,2596391.80786320,2080,11.57267000,903061.36723550,0
1776844860000,78057.49000000,78162.20000000,78036.60000000,78149.40000000,28.56297000,1776844919999,2231153.15583110,2905,23.93761000,1869842.60245540,0
1776844920000,78149.41000000,78149.41000000,78122.43000000,78122.43000000,6.80912000,1776844979999,532070.72041870,1484,5.25190000,410385.11986990,0
1776844980000,78122.44000000,78140.93000000,78045.85000000,78045.86000000,5.17573000,1776845039999,404261.52017250,1787,1.79778000,140421.95100490,0
1776845040000,78045.85000000,78056.12000000,78028.00000000,78056.12000000,10.27343000,1776845099999,801714.11210180,855,9.02701000,704444.17501320,0
1776845100000,78056.12000000,78113.19000000,78056.11000000,78089.03000000,22.00015000,1776845159999,1717857.97491960,1515,18.35884000,1433459.99184670,0
1776845160000,78089.03000000,78089.03000000,78062.00000000,78073.04000000,7.81271000,1776845219999,609924.93860180,1240,5.51953000,430877.08477750,0
1776845220000,78073.04000000,78085.31000000,78073.03000000,78082.40000000,14.83826000,1776845279999,1158534.54615960,749,13.79813000,1077322.26422940,0
1776845280000,78082.40000000,78110.73000000,78082.39000000,78110.73000000,18.29207000,1776845339999,1428552.21685260,1037,17.16916000,1340861.31096640,0
1776845340000,78110.72000000,78133.16000000,78106.12000000,78106.14000000,8.22630000,1776845399999,642618.76700770,1600,4.25489000,332375.56073240,0
1776845400000,78106.14000000,78132.86000000,78094.08000000,78131.80000000,16.46804000,1776845459999,1286382.58206580,1437,8.74053000,682769.84760480,0
1776845460000,78131.81000000,78157.12000000,78131.80000000,78151.31000000,15.37117000,1776845519999,1201102.02410600,2089,13.07272000,1021478.82623990,0
1776845520000,78151.32000000,78182.00000000,78151.31000000,78158.39000000,6.91188000,1776845579999,540244.37192040,1643,5.91767000,462530.81353470,0
1776845580000,78158.40000000,78170.68000000,78148.08000000,78148.08000000,17.32276000,1776845639999,1353928.05623780,1579,7.69414000,601389.84257130,0
1776845640000,78148.09000000,78148.09000000,78109.45000000,78141.20000000,8.06767000,1776845699999,630373.78822980,1959,5.11903000,399976.95963270,0
1776845700000,78141.20000000,78158.00000000,78141.20000000,78144.31000000,3.69843000,1776845759999,289033.58235080,1074,2.61951000,204713.43997280,0
1776845760000,78144.31000000,78144.31000000,78115.08000000,78142.16000000,18.54269000,1776845819999,1448665.61955070,1752,14.28452000,1115952.69449420,0
1776845820000,78142.16000000,78142.17000000,78115.60000000,78142.17000000,40.27703000,1776845879999,3146783.38162140,2337,17.92834000,1400646.17492060,0
1776845880000,78142.16000000,78142.17000000,78128.92000000,78139.33000000,5.86078000,1776845939999,457916.50873710,724,5.22690000,408387.39267190,0
1776845940000,78139.33000000,78142.14000000,78112.31000000,78137.15000000,46.70035000,1776845999999,3648331.65651730,2302,44.19105000,3452277.61395840,0
1776846000000,78137.14000000,78159.04000000,78137.14000000,78159.03000000,29.69576000,1776846059999,2320629.15432770,1906,24.93794000,1948824.53180880,0
1776846060000,78159.03000000,78211.13000000,78145.15000000,78211.13000000,46.03287000,1776846119999,3598735.23472110,4212,30.55409000,2388818.15575790,0
1776846120000,78211.13000000,78219.41000000,78184.03000000,78189.14000000,41.86276000,1776846179999,3273692.13555940,3386,20.51921000,1604594.87007300,0
1776846180000,78189.15000000,78209.84000000,78086.22000000,78090.72000000,13.20804000,1776846239999,1031922.67936100,4105,4.36769000,341337.48750280,0
1776846240000,78090.71000000,78090.72000000,78020.89000000,78031.20000000,49.86847000,1776846299999,3891638.91655410,4015,20.09099000,1567708.19719820,0
1776846300000,78030.95000000,78065.84000000,78000.01000000,78000.02000000,78.07068000,1776846359999,6092677.18767310,3402,32.44052000,2531615.88386690,0
1776846360000,78000.01000000,78095.99000000,77984.00000000,78072.12000000,106.36376000,1776846419999,8301319.40508350,3692,85.56677000,6678478.10462050,0
1776846420000,78072.13000000,78085.31000000,78018.79000000,78018.80000000,17.66718000,1776846479999,1378870.84506280,2880,3.14084000,245195.79525690,0
1776846480000,78018.80000000,78039.00000000,78008.00000000,78012.29000000,7.68478000,1776846539999,599531.95316010,1298,6.17323000,481599.90236890,0
1776846540000,78012.30000000,78023.03000000,77965.76000000,77965.76000000,5.85036000,1776846599999,456358.72948850,1978,2.24715000,175297.04901100,0
1776846600000,77965.76000000,78018.82000000,77955.38000000,78018.82000000,15.44010000,1776846659999,1204004.21535190,2497,7.82969000,610555.50778710,0
1776846660000,78018.81000000,78018.82000000,77978.52000000,77991.99000000,3.44748000,1776846719999,268928.38254560,2085,0.70328000,54854.53025360,0
1776846720000,77991.99000000,78001.77000000,77982.53000000,77992.21000000,6.34692000,1776846779999,495004.83421180,1424,4.57925000,357139.45128090,0
1776846780000,77992.20000000,77992.21000000,77957.00000000,77957.00000000,2.76793000,1776846839999,215817.13510880,1539,1.10464000,86125.81812550,0
1776846840000,77957.00000000,77976.55000000,77949.25000000,77967.20000000,7.42745000,1776846899999,579034.74148950,1547,4.26786000,332725.34430810,0
1776846900000,77967.20000000,78008.68000000,77963.04000000,77976.54000000,14.12972000,1776846959999,1102042.95676800,2348,5.24033000,408692.16006090,0
1776846960000,77976.55000000,77976.55000000,77958.80000000,77958.80000000,3.54258000,1776847019999,276203.35476840,997,1.78827000,139415.14991330,0
1776847020000,77958.80000000,77989.17000000,77958.80000000,77973.09000000,11.29114000,1776847079999,880496.46800030,1837,4.17480000,325534.28345050,0
1776847080000,77973.10000000,77989.06000000,77973.09000000,77988.69000000,10.07037000,1776847139999,785273.77234910,1099,8.45690000,659455.16652080,0
1776847140000,77988.70000000,78008.17000000,77979.74000000,77979.75000000,10.09930000,1776847199999,787738.65834210,1606,9.03067000,704384.14137180,0
1776847200000,77979.74000000,78007.83000000,77971.61000000,78007.83000000,8.12154000,1776847259999,633326.53603410,2126,7.00431000,546204.75923410,0
1776847260000,78007.82000000,78007.83000000,77980.13000000,77980.13000000,15.39626000,1776847319999,1200782.60690010,1305,9.21176000,718409.82269500,0
1776847320000,77980.14000000,77980.14000000,77974.25000000,77974.25000000,5.67717000,1776847379999,442682.65487430,605,0.67617000,52724.00255390,0
1776847380000,77974.26000000,77974.26000000,77959.55000000,77959.56000000,1.36512000,1776847439999,106437.62733560,529,0.50973000,39745.05286100,0
1776847440000,77959.55000000,77970.63000000,77944.20000000,77944.20000000,5.26501000,1776847499999,410453.45273710,1207,3.84642000,299862.74566710,0
1776847500000,77944.20000000,77980.50000000,77941.59000000,77980.50000000,4.05903000,1776847559999,316414.83658060,1517,3.14078000,244830.32506480,0
1776847560000,77980.49000000,77988.50000000,77959.39000000,77985.58000000,5.65505000,1776847619999,440936.19195870,1565,4.31829000,336701.03879060,0
1776847620000,77985.57000000,77992.21000000,77985.06000000,77985.06000000,2.99737000,1776847679999,233760.98526900,651,1.88332000,146879.43490970,0
1776847680000,77985.06000000,77985.07000000,77956.76000000,77956.77000000,8.64972000,1776847739999,674496.55952030,1369,1.61842000,126199.43175520,0
1776847740000,77956.76000000,77985.01000000,77956.76000000,77966.00000000,7.51618000,1776847799999,586059.98184250,1211,3.44395000,268517.65757460,0
1776847800000,77966.01000000,77985.07000000,77966.00000000,77969.80000000,9.82787000,1776847859999,766337.76728010,1039,2.47720000,193158.68525250,0
1776847860000,77969.79000000,77992.26000000,77969.79000000,77992.25000000,9.03289000,1776847919999,704418.46964760,916,6.07564000,473784.10896730,0
1776847920000,77992.26000000,78034.32000000,77992.25000000,78034.31000000,10.22805000,1776847979999,797835.23825050,1921,9.35930000,730057.35325770,0
1776847980000,78034.31000000,78070.94000000,78034.31000000,78066.04000000,6.47690000,1776848039999,505600.62081620,1572,2.56867000,200498.73090520,0
1776848040000,78066.04000000,78066.04000000,78050.35000000,78050.36000000,2.15054000,1776848099999,167875.71464080,754,0.77301000,60343.66824990,0
1776848100000,78050.36000000,78066.04000000,78026.89000000,78035.34000000,17.22203000,1776848159999,1344037.53199600,1331,5.23427000,408540.66686220,0
1776848160000,78035.35000000,78049.91000000,78019.26000000,78031.08000000,17.27949000,1776848219999,1348355.39720310,1396,6.40703000,499999.99905850,0
1776848220000,78031.07000000,78066.04000000,78016.31000000,78054.83000000,12.88678000,1776848279999,1005561.35643500,2337,6.67251000,520653.51780780,0
1776848280000,78054.84000000,78054.84000000,78043.57000000,78054.84000000,5.74244000,1776848339999,448204.25932450,1018,4.65278000,363154.12660770,0
1776848340000,78054.83000000,78064.84000000,78010.92000000,78010.92000000,16.54780000,1776848399999,1291589.11808700,1858,5.02366000,392104.34894900,0
1776848400000,78010.92000000,78057.74000000,77973.09000000,77973.09000000,19.23373000,1776848459999,1500401.40633150,4946,9.91611000,773578.15700580,0
1776848460000,77973.10000000,77992.53000000,77967.39000000,77984.95000000,6.76177000,1776848519999,527262.22097870,3132,4.00886000,312594.23293000,0
1776848520000,77984.94000000,77995.00000000,77956.76000000,77989.84000000,5.05980000,1776848579999,394551.19394600,2027,2.97470000,231954.88711180,0
1776848580000,77989.83000000,77993.49000000,77976.00000000,77978.75000000,11.22277000,1776848639999,875216.36512440,1565,5.53987000,432040.12523090,0
1776848640000,77978.75000000,77996.39000000,77978.74000000,77991.33000000,8.68379000,1776848699999,677223.52162350,1939,4.88280000,380798.15769760,0
1776848700000,77991.33000000,77991.34000000,77965.64000000,77990.16000000,4.58459000,1776848759999,357498.97631000,1317,3.19169000,248873.69489600,0
1776848760000,77990.15000000,78000.50000000,77990.15000000,78000.50000000,3.26105000,1776848819999,254356.04051450,875,2.61807000,204204.61295590,0
1776848820000,78000.49000000,78000.49000000,77958.00000000,77975.65000000,3.78886000,1776848879999,295430.69473920,1945,1.80968000,141091.02505290,0
1776848880000,77975.64000000,78057.74000000,77975.64000000,78048.04000000,13.27165000,1776848939999,1035435.07958100,2953,5.03049000,392381.62589280,0
1776848940000,78048.04000000,78077.00000000,78042.33000000,78064.47000000,7.93619000,1776848999999,619477.03708900,2408,5.92576000,462541.17794900,0
1776849000000,78064.46000000,78096.00000000,78062.54000000,78062.54000000,5.20512000,1776849059999,406409.54757470,2242,3.95553000,308843.01736920,0
1776849060000,78062.55000000,78062.55000000,78046.00000000,78055.81000000,4.00666000,1776849119999,312734.75255620,1159,3.29246000,256984.20638670,0
1776849120000,78055.81000000,78055.81000000,78031.97000000,78034.33000000,4.42709000,1776849179999,345488.63571150,1832,2.23027000,174039.03958500,0
1776849180000,78034.33000000,78050.00000000,78034.33000000,78050.00000000,3.84679000,1776849239999,300223.31495890,573,3.09329000,241413.71122500,0
1776849240000,78050.00000000,78050.00000000,78034.33000000,78039.35000000,23.95673000,1776849299999,1869641.60778460,1396,3.10020000,241941.66622270,0
1776849300000,78039.36000000,78050.00000000,78028.00000000,78050.00000000,6.23507000,1776849359999,486575.57684300,1356,5.32897000,415864.65186660,0
1776849360000,78049.99000000,78050.00000000,78031.73000000,78050.00000000,1.94759000,1776849419999,151993.35193490,1087,1.39004000,108483.26376790,0
1776849420000,78049.99000000,78049.99000000,78004.81000000,78004.83000000,5.81969000,1776849479999,454085.88613290,1685,2.43999000,190349.79722280,0
1776849480000,78004.83000000,78004.83000000,77960.78000000,77972.93000000,12.46833000,1776849539999,972235.01160510,2354,4.84034000,377404.64129340,0
1776849540000,77972.92000000,77983.24000000,77966.14000000,77983.24000000,4.33411000,1776849599999,337939.87437490,942,3.52455000,274810.95867760,0
1776849600000,77983.24000000,78012.56000000,77982.53000000,78012.56000000,3.04785000,1776849659999,237717.51871430,2071,2.12896000,166053.16194250,0
1776849660000,78012.55000000,78020.00000000,78003.68000000,78010.41000000,7.18585000,1776849719999,560584.06024330,1685,4.13272000,322400.28268510,0
1776849720000,78010.41000000,78034.32000000,78002.60000000,78004.00000000,6.87176000,1776849779999,536150.07016150,2293,3.01951000,235568.96536900,0
1776849780000,78004.01000000,78034.32000000,78004.00000000,78023.99000000,4.42596000,1776849839999,345327.63278300,1583,2.13044000,166210.45716680,0
1776849840000,78024.00000000,78043.14000000,78023.99000000,78040.33000000,1.71010000,1776849899999,133451.78575720,668,1.36065000,106181.86339650,0
1776849900000,78040.34000000,78040.34000000,78036.69000000,78036.70000000,1.55255000,1776849959999,121156.30922550,344,0.94681000,73885.94801980,0
1776849960000,78036.70000000,78095.60000000,78036.69000000,78095.59000000,3.68435000,1776850019999,287659.92272220,1769,3.13142000,244485.91185490,0
1776850020000,78095.59000000,78095.59000000,78074.17000000,78086.89000000,3.12487000,1776850079999,244004.49818730,1055,1.53271000,119675.65126740,0
1776850080000,78086.89000000,78148.79000000,78086.89000000,78143.93000000,21.78439000,1776850139999,1701354.74220140,1886,20.91376000,1633327.26778570,0
1776850140000,78143.93000000,78157.13000000,78143.92000000,78157.12000000,4.12614000,1776850199999,322449.11849640,736,3.33047000,260268.55257240,0
1776850200000,78157.13000000,78157.13000000,78123.44000000,78123.45000000,4.64840000,1776850259999,363227.95857850,1457,1.89241000,147874.37359370,0
1776850260000,78123.44000000,78135.85000000,78123.44000000,78130.73000000,3.69709000,1776850319999,288848.41211610,1620,1.92455000,150360.30630380,0
1776850320000,78130.74000000,78154.93000000,78130.74000000,78154.92000000,2.16888000,1776850379999,169491.07506540,1081,1.39712000,109181.19121720,0
1776850380000,78154.92000000,78154.93000000,78126.05000000,78142.56000000,5.81897000,1776850439999,454674.82091790,2016,4.71605000,368497.75687980,0
1776850440000,78142.56000000,78142.57000000,78095.10000000,78099.30000000,4.86461000,1776850499999,379985.35927880,1701,0.85311000,66632.73142390,0
1776850500000,78099.30000000,78114.05000000,78095.34000000,78095.34000000,1.55240000,1776850559999,121251.05333820,1170,1.18042000,92198.20912640,0
1776850560000,78095.34000000,78103.28000000,78088.83000000,78088.83000000,4.20297000,1776850619999,328241.34640580,1712,1.61810000,126365.93314460,0
1776850620000,78088.84000000,78102.86000000,78088.83000000,78101.96000000,4.91240000,1776850679999,383635.78725400,543,2.58610000,201956.30808750,0
1776850680000,78101.97000000,78101.97000000,78057.19000000,78082.56000000,4.82369000,1776850739999,376595.54606460,1798,1.74704000,136377.68664390,0
1776850740000,78082.56000000,78114.04000000,78082.56000000,78114.02000000,5.94299000,1776850799999,464177.03054070,1092,3.71591000,290217.86503240,0
1776850800000,78114.02000000,78183.15000000,78114.02000000,78166.35000000,10.25984000,1776850859999,801892.18459490,2680,9.11998000,712781.88964990,0
1776850860000,78166.35000000,78184.70000000,78146.17000000,78146.17000000,11.05725000,1776850919999,864325.07150800,1506,4.71560000,368616.81266740,0
1776850920000,78146.18000000,78171.50000000,78146.17000000,78168.00000000,2.71320000,1776850979999,212075.54044220,1189,1.70942000,133611.33972980,0
1776850980000,78168.00000000,78168.00000000,78136.79000000,78151.13000000,2.52578000,1776851039999,197383.23129580,1447,1.36171000,106411.63254950,0
1776851040000,78151.13000000,78151.14000000,78145.72000000,78145.72000000,1.67311000,1776851099999,130753.85935780,333,0.99369000,77657.31864150,0
1776851100000,78145.73000000,78145.73000000,78113.70000000,78113.71000000,2.39217000,1776851159999,186899.75345150,1054,0.42771000,33417.19411520,0
1776851160000,78113.71000000,78119.46000000,78113.70000000,78115.13000000,2.11369000,1776851219999,165113.96660110,596,1.44149000,112603.11455350,0
1776851220000,78115.13000000,78115.14000000,78094.95000000,78094.96000000,5.10594000,1776851279999,398791.50398950,874,3.16225000,246995.07178030,0
1776851280000,78094.96000000,78111.88000000,78094.95000000,78108.12000000,5.06280000,1776851339999,395430.92930870,1801,2.11624000,165284.55962240,0
1776851340000,78108.11000000,78113.95000000,78108.11000000,78108.11000000,1.13090000,1776851399999,88334.85138230,425,0.58612000,45782.18170340,0
1776851400000,78108.12000000,78125.71000000,78108.11000000,78123.15000000,2.53729000,1776851459999,198209.17396760,948,1.89629000,148132.13417900,0
1776851460000,78123.15000000,78125.70000000,78080.00000000,78098.95000000,67.14488000,1776851519999,5244042.15802510,1331,7.39496000,577431.89701590,0
1776851520000,78098.96000000,78098.96000000,78089.39000000,78089.50000000,3.12680000,1776851579999,244176.39886550,701,1.14052000,89064.22993950,0
1776851580000,78089.50000000,78089.51000000,78000.00000000,78000.00000000,16.64637000,1776851639999,1298881.46294610,2841,1.03548000,80809.15456650,0
1776851640000,78000.00000000,78007.67000000,77987.56000000,77999.86000000,6.42190000,1776851699999,500900.35006700,1782,2.58778000,201840.04733780,0
1776851700000,77999.86000000,78018.27000000,77982.53000000,77992.08000000,3.92280000,1776851759999,305986.22586960,2094,2.42659000,189288.28392810,0
1776851760000,77992.07000000,77994.35000000,77978.29000000,77994.34000000,5.82192000,1776851819999,454039.79189010,1425,2.10533000,164182.63879810,0
1776851820000,77994.35000000,78019.81000000,77994.34000000,78013.78000000,3.64489000,1776851879999,284342.75300160,1227,1.38878000,108340.05583220,0
1776851880000,78013.79000000,78028.01000000,78010.59000000,78016.69000000,1.62546000,1776851939999,126811.41282270,972,0.69377000,54124.95458280,0
1776851940000,78016.69000000,78028.01000000,78001.95000000,78001.95000000,4.27146000,1776851999999,333234.28358350,771,0.69436000,54176.33405400,0
1776852000000,78001.96000000,78038.99000000,78001.95000000,78038.43000000,2.00920000,1776852059999,156750.74830950,1664,1.27249000,99273.19145340,0
1776852060000,78038.42000000,78051.56000000,78030.45000000,78039.78000000,2.08904000,1776852119999,163037.49089380,1489,1.06981000,83493.44506740,0
1776852120000,78039.79000000,78039.79000000,77984.61000000,77984.62000000,1.83064000,1776852179999,142815.81783700,1677,0.97132000,75780.71423100,0
1776852180000,77984.61000000,77984.61000000,77951.17000000,77971.50000000,4.70227000,1776852239999,366620.84143370,1438,1.25980000,98215.41468460,0
1776852240000,77971.50000000,77985.17000000,77964.00000000,77981.35000000,2.79599000,1776852299999,218013.38011540,1010,1.05029000,81897.13364250,0
1776852300000,77981.35000000,77988.01000000,77978.00000000,77983.16000000,1.87455000,1776852359999,146189.35458020,901,1.56755000,122247.90009710,0
1776852360000,77983.16000000,78000.00000000,77983.15000000,77998.74000000,1.34879000,1776852419999,105196.56139820,1260,0.68728000,53603.40764260,0
1776852420000,77998.74000000,78039.79000000,77998.74000000,78029.03000000,3.76601000,1776852479999,293840.75104530,1801,2.91359000,227322.75402600,0
1776852480000,78029.02000000,78029.02000000,77997.57000000,78008.67000000,3.78438000,1776852539999,295195.13228730,1374,2.37188000,185010.81428510,0
1776852540000,78008.67000000,78008.68000000,77954.28000000,77954.47000000,2.35520000,1776852599999,183667.22164070,2109,0.54326000,42358.24858090,0
1776852600000,77954.48000000,77979.25000000,77954.47000000,77979.25000000,1.33907000,1776852659999,104405.80073550,1051,0.78151000,60930.50306820,0
1776852660000,77979.24000000,78029.99000000,77979.24000000,78029.99000000,3.05511000,1776852719999,238327.41680800,1355,2.42910000,189492.07019320,0
1776852720000,78029.99000000,78034.24000000,78010.00000000,78010.00000000,3.94266000,1776852779999,307629.21440200,1202,1.44694000,112898.86310350,0
1776852780000,78010.01000000,78026.00000000,77993.86000000,78012.48000000,34.88275000,1776852839999,2721148.26168260,2177,9.43345000,735822.22900630,0
1776852840000,78012.47000000,78039.48000000,78012.47000000,78039.48000000,4.67246000,1776852899999,364557.35941480,1157,1.83622000,143270.70441170,0
1776852900000,78039.48000000,78048.10000000,78019.57000000,78027.14000000,4.04519000,1776852959999,315653.43906850,1583,0.97146000,75804.97817530,0
1776852960000,78027.14000000,78044.12000000,78017.54000000,78017.55000000,4.66227000,1776853019999,363813.25882630,1833,1.43850000,112245.01978650,0
1776853020000,78017.54000000,78017.54000000,77973.97000000,77973.98000000,4.25438000,1776853079999,331844.16662900,1912,2.18928000,170772.85648700,0
1776853080000,77973.97000000,78010.91000000,77973.97000000,78008.68000000,6.49546000,1776853139999,506654.49136640,1557,2.23391000,174223.06079470,0
1776853140000,78008.67000000,78025.44000000,78008.67000000,78018.98000000,2.50031000,1776853199999,195065.96979930,1187,1.72592000,134648.59478750,0
1776853200000,78018.97000000,78018.98000000,78008.94000000,78014.54000000,5.74749000,1776853259999,448389.19277300,753,1.67119000,130374.77812870,0
1776853260000,78014.54000000,78032.77000000,78008.00000000,78019.22000000,2.59239000,1776853319999,202253.96932000,1504,1.10721000,86380.18336840,0
1776853320000,78019.21000000,78019.22000000,78001.30000000,78001.31000000,3.24824000,1776853379999,253388.25497360,634,1.59690000,124569.73471870,0
1776853380000,78001.30000000,78001.31000000,77990.08000000,77990.08000000,2.68520000,1776853439999,209435.61542960,939,1.42584000,111206.31962340,0
1776853440000,77990.08000000,77990.09000000,77978.47000000,77990.08000000,1.14114000,1776853499999,88988.57006860,956,0.69739000,54384.31561140,0
1776853500000,77990.09000000,77992.07000000,77984.85000000,77984.86000000,1.18931000,1776853559999,92754.95317760,519,0.67166000,52383.11756500,0
1776853560000,77984.86000000,78000.00000000,77984.85000000,78000.00000000,2.84423000,1776853619999,221828.73025610,667,1.47536000,115072.48397520,0
1776853620000,78000.00000000,78029.05000000,77996.12000000,78029.05000000,4.70362000,1776853679999,366936.05305870,1059,4.29890000,335365.17265130,0
1776853680000,78029.05000000,78071.44000000,78029.04000000,78069.05000000,3.60354000,1776853739999,281273.58131810,1330,2.98122000,232700.64902810,0
1776853740000,78069.05000000,78076.99000000,78061.35000000,78067.90000000,2.01151000,1776853799999,157038.39412890,1061,1.05956000,82718.04582410,0
1776853800000,78067.90000000,78098.96000000,78067.89000000,78094.65000000,3.08733000,1776853859999,241088.50811600,1346,1.61318000,125971.20050500,0
1776853860000,78094.64000000,78094.65000000,78076.67000000,78084.34000000,3.60779000,1776853919999,281727.87482040,1127,1.42155000,111001.79610460,0
1776853920000,78084.34000000,78128.55000000,78073.64000000,78128.55000000,11.50637000,1776853979999,898567.46848200,2240,6.55995000,512323.88967420,0
1776853980000,78128.55000000,78148.20000000,78128.54000000,78148.20000000,6.82457000,1776854039999,533241.33644260,1022,6.08285000,475282.72302840,0
1776854040000,78148.20000000,78167.85000000,78088.48000000,78167.84000000,36.85538000,1776854099999,2879162.14180510,2971,10.03743000,784348.96707960,0
1776854100000,78167.85000000,78180.00000000,78151.87000000,78162.05000000,12.05384000,1776854159999,942125.47505580,1781,9.27894000,725230.17995490,0
1776854160000,78162.00000000,78162.00000000,78114.64000000,78117.12000000,6.98175000,1776854219999,545530.07796860,1692,1.07549000,84028.19757770,0
1776854220000,78117.13000000,78140.72000000,78108.00000000,78140.71000000,1.89240000,1776854279999,147834.29905710,1800,1.40420000,109696.67757460,0
1776854280000,78140.71000000,78140.72000000,78132.89000000,78137.95000000,3.27524000,1776854339999,255924.07667320,526,1.09007000,85174.90504440,0
1776854340000,78137.94000000,78143.99000000,78137.94000000,78137.95000000,2.84304000,1776854399999,222152.27106230,759,1.57774000,123282.67260440,0
1776854400000,78137.95000000,78157.44000000,78137.95000000,78157.44000000,1.92523000,1776854459999,150461.64326690,752,1.11511000,87147.01061930,0
1776854460000,78157.43000000,78157.43000000,78133.82000000,78143.68000000,4.00588000,1776854519999,313031.25165970,1450,1.13814000,88931.41016560,0
1776854520000,78143.68000000,78143.69000000,78100.18000000,78110.47000000,8.80403000,1776854579999,687743.22687920,2076,2.34081000,182857.89824660,0
1776854580000,78110.47000000,78126.97000000,78110.46000000,78111.76000000,6.39286000,1776854639999,499403.18146030,1801,1.60957000,125737.42820380,0
1776854640000,78111.76000000,78119.59000000,78111.76000000,78119.59000000,4.02381000,1776854699999,314317.89821500,438,3.49814000,273252.92138960,0
1776854700000,78119.59000000,78122.02000000,78110.47000000,78110.47000000,2.58356000,1776854759999,201814.40070870,1302,1.46479000,114420.58708080,0
1776854760000,78110.47000000,78110.47000000,78098.00000000,78103.34000000,6.33776000,1776854819999,495006.51036490,1343,0.73733000,57587.76763450,0
1776854820000,78103.34000000,78110.88000000,78100.01000000,78110.88000000,4.65769000,1776854879999,363811.68359830,553,3.77240000,294663.44381480,0
1776854880000,78110.88000000,78128.04000000,78110.86000000,78114.58000000,8.21415000,1776854939999,641660.37830900,1979,2.89450000,226107.47086820,0
1776854940000,78114.57000000,78124.65000000,78106.00000000,78122.60000000,6.48859000,1776854999999,506861.07391100,1357,3.37779000,263871.14654500,0
1776855000000,78122.60000000,78122.60000000,78102.25000000,78102.26000000,6.65852000,1776855059999,520116.11089860,1385,2.80112000,218798.29299990,0
1776855060000,78102.26000000,78119.39000000,78100.00000000,78119.39000000,3.22599000,1776855119999,251963.33295590,996,1.40320000,109598.65377640,0
1776855120000,78119.39000000,78125.03000000,78119.39000000,78125.03000000,2.71044000,1776855179999,211750.25778140,743,1.54842000,120968.18666140,0
1776855180000,78125.03000000,78164.71000000,78125.02000000,78145.96000000,8.69196000,1776855239999,679262.24218120,1949,4.45062000,347815.77630570,0
1776855240000,78145.96000000,78145.96000000,78120.23000000,78120.24000000,3.61206000,1776855299999,282205.36085110,1633,1.73247000,135355.11575550,0
1776855300000,78120.24000000,78120.24000000,78087.00000000,78087.01000000,6.70282000,1776855359999,523496.42324590,1671,0.36871000,28798.27715590,0
1776855360000,78087.01000000,78101.82000000,78056.99000000,78074.94000000,22.71522000,1776855419999,1773371.94572760,1517,1.02892000,80347.75464290,0
1776855420000,78074.94000000,78128.04000000,78074.93000000,78123.82000000,25.03701000,1776855479999,1955427.56141900,1532,23.50829000,1836009.22006860,0
1776855480000,78123.82000000,78151.48000000,78123.82000000,78151.48000000,1.21318000,1776855539999,94793.64077440,780,0.86501000,67590.49775920,0
1776855540000,78151.48000000,78171.59000000,78151.47000000,78157.41000000,3.62044000,1776855599999,282989.43795310,1190,2.44359000,190997.97885790,0
1776855600000,78157.41000000,78178.00000000,78157.41000000,78170.91000000,3.59680000,1776855659999,281179.56797520,1341,1.30850000,102289.58906460,0
1776855660000,78170.91000000,78195.87000000,78162.35000000,78195.86000000,5.86475000,1776855719999,458514.53600300,2194,3.86433000,302122.91165850,0
1776855720000,78195.87000000,78267.83000000,78195.87000000,78265.23000000,23.09206000,1776855779999,1806504.85488420,3552,17.62200000,1378655.88834450,0
1776855780000,78265.23000000,78280.00000000,78263.06000000,78279.98000000,13.68941000,1776855839999,1071515.80234400,2200,9.97031000,780403.24456630,0
1776855840000,78279.98000000,78279.99000000,78209.25000000,78217.09000000,10.25452000,1776855899999,802482.62339780,2785,2.18494000,170988.20329220,0
1776855900000,78217.09000000,78264.00000000,78203.57000000,78264.00000000,36.50570000,1776855959999,2856125.01573660,2725,35.44399000,2773068.08773100,0
1776855960000,78263.99000000,78276.81000000,78250.00000000,78271.39000000,14.35928000,1776856019999,1123833.00873790,1800,11.49958000,900013.27543550,0
1776856020000,78271.38000000,78271.39000000,78252.00000000,78253.41000000,2.51008000,1776856079999,196440.08538880,941,1.51770000,118770.78940920,0
1776856080000,78253.40000000,78253.41000000,78205.06000000,78212.88000000,39.68817000,1776856139999,3105443.24102870,1693,3.32755000,260332.80637060,0
1776856140000,78212.88000000,78212.88000000,78102.00000000,78126.04000000,9.72829000,1776856199999,760333.45600700,3380,1.23684000,96625.12221790,0
1776856200000,78126.03000000,78145.88000000,78104.97000000,78119.73000000,8.34996000,1776856259999,652343.79458770,3222,2.26821000,177204.56498460,0
1776856260000,78119.72000000,78160.83000000,78119.72000000,78160.82000000,2.54380000,1776856319999,198786.73345690,1298,1.79108000,139963.10785880,0
1776856320000,78160.83000000,78209.84000000,78151.00000000,78209.84000000,5.34313000,1776856379999,417719.87583770,1483,2.62570000,205295.65326620,0
1776856380000,78209.83000000,78209.84000000,78162.44000000,78173.90000000,4.81112000,1776856439999,376153.16197820,1822,1.18044000,92274.74733240,0
1776856440000,78173.91000000,78184.92000000,78152.33000000,78152.34000000,11.14419000,1776856499999,871188.69603520,1215,6.74551000,527347.52811660,0
1776856500000,78152.34000000,78189.05000000,78152.33000000,78177.26000000,2.12791000,1776856559999,166328.73660300,1990,1.62877000,127307.64533680,0
1776856560000,78177.25000000,78207.67000000,78177.25000000,78202.21000000,4.98205000,1776856619999,389590.12386850,1476,2.19448000,171597.37418680,0
1776856620000,78202.20000000,78207.67000000,78192.60000000,78192.62000000,3.27989000,1776856679999,256500.78792470,1420,1.23386000,96490.68691780,0
1776856680000,78192.63000000,78239.99000000,78192.62000000,78235.39000000,5.17883000,1776856739999,405093.68905260,2291,3.80097000,297300.81236960,0
1776856740000,78235.39000000,78235.40000000,78199.39000000,78199.99000000,5.84573000,1776856799999,457183.81406630,1028,1.89749000,148387.79774440,0
1776856800000,78200.00000000,78215.96000000,78200.00000000,78212.01000000,8.40476000,1776856859999,657319.17459660,816,4.47026000,349594.82593450,0
1776856860000,78212.00000000,78238.00000000,78212.00000000,78235.91000000,3.39632000,1776856919999,265685.65720980,985,2.46684000,192975.29862400,0
1776856920000,78235.92000000,78239.38000000,78211.29000000,78211.30000000,3.59422000,1776856979999,281186.08550370,1666,0.87929000,68785.19518160,0
1776856980000,78211.29000000,78227.33000000,78204.09000000,78227.33000000,5.63257000,1776857039999,440543.93715950,1089,2.61411000,204467.83390430,0
1776857040000,78227.33000000,78240.00000000,78224.20000000,78224.20000000,25.00571000,1776857099999,1956423.51155250,1235,23.90902000,1870630.22233760,0
1776857100000,78224.20000000,78229.04000000,78213.02000000,78219.42000000,7.41245000,1776857159999,579808.57634340,961,0.90342000,70668.07170590,0
1776857160000,78219.41000000,78239.99000000,78211.11000000,78239.99000000,8.43251000,1776857219999,659597.23089890,1373,4.36475000,341430.68510540,0
1776857220000,78240.00000000,78258.66000000,78239.99000000,78258.65000000,13.98400000,1776857279999,1094123.19650090,706,13.62621000,1066127.24128020,0
1776857280000,78258.65000000,78300.00000000,78258.65000000,78296.27000000,10.91182000,1776857339999,854180.40134140,1425,9.90339000,775230.87292740,0
1776857340000,78296.26000000,78314.65000000,78278.67000000,78314.64000000,20.37867000,1776857399999,1595521.21784540,2816,6.57865000,515091.03553680,0
1776857400000,78314.65000000,78330.83000000,78305.05000000,78321.65000000,23.45754000,1776857459999,1837159.22149690,2706,16.90232000,1323740.91911540,0
1776857460000,78321.65000000,78333.00000000,78294.36000000,78294.36000000,10.39731000,1776857519999,814305.61533590,2137,3.94174000,308705.19768780,0
1776857520000,78294.36000000,78294.36000000,78272.30000000,78278.57000000,5.10720000,1776857579999,399786.48120400,1712,3.38762000,265177.70010520,0
1776857580000,78278.57000000,78293.15000000,78274.00000000,78278.63000000,4.27858000,1776857639999,334933.60204180,1577,2.79847000,219061.57282930,0
1776857640000,78278.63000000,78312.88000000,78278.62000000,78312.87000000,18.20885000,1776857699999,1425576.66328680,2576,5.04908000,395286.49326760,0
1776857700000,78312.87000000,78399.00000000,78259.68000000,78259.68000000,39.60533000,1776857759999,3102088.45017910,5790,12.62944000,989554.28674340,0
1776857760000,78259.68000000,78259.68000000,78174.02000000,78204.27000000,23.24479000,1776857819999,1817832.02698840,5157,7.95592000,622163.74165860,0
1776857820000,78204.27000000,78239.28000000,78184.27000000,78239.28000000,11.21243000,1776857879999,876775.84392550,3104,2.04470000,159902.79633050,0
1776857880000,78239.27000000,78247.02000000,78230.56000000,78247.02000000,4.54933000,1776857939999,355935.50377180,2211,3.41133000,266892.87289990,0
1776857940000,78247.01000000,78253.81000000,78226.00000000,78226.01000000,7.68236000,1776857999999,601026.06320650,1729,2.41129000,188644.34342010,0
1776858000000,78226.00000000,78227.99000000,78188.01000000,78217.23000000,9.84405000,1776858059999,769839.90729240,3133,2.41276000,188681.82121310,0
1776858060000,78217.23000000,78235.35000000,78217.23000000,78235.34000000,0.89441000,1776858119999,69962.45190910,1267,0.63969000,50037.22670090,0
1776858120000,78235.35000000,78254.17000000,78186.64000000,78219.41000000,12.68094000,1776858179999,991809.76838260,3695,5.39788000,422157.03786650,0
1776858180000,78219.41000000,78219.42000000,78190.67000000,78190.67000000,5.87426000,1776858239999,459396.08110660,1206,0.50689000,39642.16534010,0
1776858240000,78190.67000000,78209.84000000,78190.67000000,78209.83000000,1.47202000,1776858299999,115111.60751810,644,0.85782000,67081.67440290,0
1776858300000,78209.83000000,78251.40000000,78209.83000000,78251.39000000,2.36367000,1776858359999,184915.91055550,1823,1.81422000,141930.46616200,0
1776858360000,78251.39000000,78311.78000000,78251.39000000,78301.06000000,8.34525000,1776858419999,653451.16950290,1918,3.25827000,255093.59035490,0
1776858420000,78301.06000000,78303.72000000,78230.60000000,78230.61000000,6.46658000,1776858479999,506097.45991350,2550,1.38033000,108052.16741710,0
1776858480000,78230.60000000,78246.91000000,78227.71000000,78246.91000000,2.54356000,1776858539999,199000.18359840,1741,1.63061000,127574.19622580,0
1776858540000,78246.90000000,78312.88000000,78246.90000000,78308.98000000,5.07648000,1776858599999,397465.85118300,2969,2.97726000,233097.34170130,0
1776858600000,78308.97000000,78308.98000000,78244.25000000,78245.22000000,11.98597000,1776858659999,938190.86527110,2508,2.51959000,197219.57841330,0
1776858660000,78245.21000000,78294.67000000,78245.21000000,78294.52000000,4.39527000,1776858719999,343954.53733780,2034,4.05497000,317325.54417940,0
1776858720000,78294.52000000,78316.07000000,78278.92000000,78316.06000000,1.81611000,1776858779999,142194.18058660,1803,1.29004000,101004.28450410,0
1776858780000,78316.06000000,78316.06000000,78276.00000000,78284.14000000,2.94556000,1776858839999,230595.84773450,1890,1.00364000,78568.12008070,0
1776858840000,78284.14000000,78295.53000000,78276.01000000,78284.14000000,4.80882000,1776858899999,376454.48866930,1273,4.13337000,323575.92172960,0
1776858900000,78284.15000000,78292.20000000,78266.72000000,78292.20000000,2.38111000,1776858959999,186383.80429670,1671,1.11186000,87028.85616800,0
1776858960000,78292.19000000,78292.20000000,78260.95000000,78260.95000000,1.82154000,1776859019999,142582.87037320,1493,0.39601000,30997.93346620,0
1776859020000,78260.96000000,78270.00000000,78244.86000000,78270.00000000,3.21713000,1776859079999,251762.78832340,1344,1.63568000,128004.47179810,0
1776859080000,78270.00000000,78277.49000000,78269.99000000,78277.49000000,2.27566000,1776859139999,178130.26930990,574,1.28567000,100637.10364370,0
1776859140000,78277.49000000,78300.00000000,78277.47000000,78300.00000000,1.88183000,1776859199999,147316.08242480,920,1.05064000,82248.46559710,0
1776859200000,78300.00000000,78314.47000000,78277.47000000,78277.47000000,3.26298000,1776859259999,255493.99323430,1409,1.81129000,141821.86339390,0
1776859260000,78277.47000000,78281.95000000,78244.86000000,78281.94000000,3.13490000,1776859319999,245347.24193100,2026,1.80094000,140938.04492710,0
1776859320000,78281.95000000,78334.36000000,78281.94000000,78332.87000000,12.34467000,1776859379999,966859.95894280,1945,7.66256000,600126.63551380,0
1776859380000,78332.88000000,78416.64000000,78332.88000000,78369.99000000,23.01744000,1776859439999,1803861.33517850,3898,17.33489000,1358503.66999570,0
1776859440000,78369.99000000,78370.00000000,78305.08000000,78313.10000000,27.07776000,1776859499999,2121307.65780570,5150,7.54189000,590776.31477150,0
1776859500000,78313.11000000,78320.14000000,78228.00000000,78230.60000000,10.01216000,1776859559999,783746.54811080,2378,2.27838000,178404.94775930,0
1776859560000,78230.60000000,78291.93000000,78230.60000000,78291.93000000,3.30421000,1776859619999,258600.95546690,1964,1.79823000,140731.94663780,0
1776859620000,78291.92000000,78314.32000000,78284.09000000,78314.31000000,2.38059000,1776859679999,186410.65073580,1097,1.29020000,101029.94358380,0
1776859680000,78314.32000000,78314.32000000,78296.03000000,78310.71000000,2.35492000,1776859739999,184409.58311750,1125,0.69184000,54171.81945000,0
1776859740000,78310.70000000,78330.04000000,78286.00000000,78330.03000000,15.26994000,1776859799999,1195959.25433160,1658,13.00154000,1018327.93232980,0
1776859800000,78330.03000000,78343.38000000,78324.19000000,78327.96000000,7.80261000,1776859859999,611188.46026750,2191,6.35735000,497970.77089660,0
1776859860000,78327.97000000,78453.71000000,78326.49000000,78390.93000000,335.19532000,1776859919999,26278964.05861910,6299,262.49783000,20578043.97076100,0
1776859920000,78390.94000000,78404.99000000,78375.69000000,78386.98000000,8.64611000,1776859979999,677809.41788880,1928,2.84867000,223293.92209870,0
1776859980000,78386.99000000,78463.31000000,78386.99000000,78438.49000000,18.56467000,1776860039999,1456140.18886140,3393,14.48806000,1136360.01794360,0
1776860040000,78438.50000000,78438.50000000,78394.16000000,78429.85000000,7.61870000,1776860099999,597409.69784770,2667,4.11502000,322657.20396940,0
1776860100000,78429.85000000,78429.85000000,78393.52000000,78416.97000000,16.96398000,1776860159999,1330228.18367730,2782,5.12819000,402120.08806350,0
1776860160000,78416.98000000,78455.00000000,78410.28000000,78445.50000000,3.85443000,1776860219999,302313.42781220,1817,2.63808000,206904.97467700,0
1776860220000,78445.50000000,78508.18000000,78360.00000000,78390.38000000,70.56392000,1776860279999,5538032.35307540,9435,63.03069000,4947023.07566710,0
1776860280000,78390.37000000,78413.12000000,78370.58000000,78388.64000000,5.47584000,1776860339999,429243.10422430,4222,1.93070000,151344.80998050,0
1776860340000,78388.64000000,78410.40000000,78300.00000000,78342.00000000,10.96189000,1776860399999,858998.55413470,3926,2.81833000,220850.95911940,0
1776860400000,78341.99000000,78373.67000000,78330.95000000,78336.26000000,5.87273000,1776860459999,460126.14544540,2655,2.07394000,162473.19235670,0
1776860460000,78336.26000000,78359.51000000,78300.00000000,78300.00000000,8.87492000,1776860519999,695153.68445860,2260,1.08611000,85080.06631130,0
1776860520000,78300.00000000,78300.00000000,78262.00000000,78295.09000000,10.04579000,1776860579999,786387.47574960,2508,4.41413000,345541.58322520,0
1776860580000,78295.09000000,78295.13000000,78264.00000000,78264.00000000,11.85484000,1776860639999,928120.11225610,1649,2.46171000,192720.89116040,0
1776860640000,78264.01000000,78264.01000000,78231.48000000,78241.70000000,6.92355000,1776860699999,541732.60027630,2129,1.80294000,141063.78479190,0
1776860700000,78241.70000000,78287.51000000,78238.19000000,78287.50000000,5.88337000,1776860759999,460395.47117780,2147,1.64443000,128690.80833290,0
1776860760000,78287.50000000,78287.51000000,78252.69000000,78252.70000000,3.60005000,1776860819999,281741.64257290,1544,0.63301000,49539.37235910,0
1776860820000,78252.69000000,78258.05000000,78161.01000000,78169.38000000,11.27159000,1776860879999,881406.89837150,3690,2.64424000,206770.93647990,0
1776860880000,78169.37000000,78190.71000000,78138.80000000,78188.80000000,24.07447000,1776860939999,1881729.23481380,3359,6.87030000,536990.38433930,0
1776860940000,78188.81000000,78221.38000000,78180.66000000,78185.37000000,17.39262000,1776860999999,1360087.80199520,3923,10.99218000,859529.78960030,0
1776861000000,78185.36000000,78185.36000000,78114.04000000,78149.83000000,8.82863000,1776861059999,689955.41258410,4623,2.92883000,228894.60953090,0
1776861060000,78149.82000000,78160.91000000,78130.98000000,78158.26000000,5.32939000,1776861119999,416451.30680150,2232,3.02723000,236550.48771820,0
1776861120000,78158.26000000,78158.27000000,78129.99000000,78143.99000000,9.56079000,1776861179999,747101.98238900,2375,1.74288000,136197.85175660,0
1776861180000,78143.99000000,78219.42000000,78140.41000000,78219.41000000,8.81032000,1776861239999,688786.67710740,2100,5.30380000,414656.71069160,0
1776861240000,78219.42000000,78243.60000000,78199.33000000,78225.82000000,10.59180000,1776861299999,828439.97899360,4284,8.92896000,698364.13292120,0
1776861300000,78225.83000000,78225.83000000,78179.49000000,78199.16000000,7.28605000,1776861359999,569774.88024410,3480,2.79248000,218361.23963200,0
1776861360000,78199.16000000,78209.84000000,78199.15000000,78201.57000000,3.69116000,1776861419999,288665.53162170,1078,0.90943000,71118.45564410,0
1776861420000,78201.58000000,78247.98000000,78198.04000000,78247.97000000,6.55442000,1776861479999,512664.59401660,2321,4.06426000,317859.22701530,0
1776861480000,78247.97000000,78247.97000000,78189.16000000,78202.76000000,4.61177000,1776861539999,360656.98785100,2548,2.80351000,219222.73666560,0
1776861540000,78202.76000000,78241.81000000,78198.80000000,78200.87000000,22.26069000,1776861599999,1741154.53434350,2630,13.03393000,1019403.67826500,0
1776861600000,78200.88000000,78235.14000000,78198.80000000,78219.51000000,4.54087000,1776861659999,355156.70844980,1679,3.41412000,267010.45178590,0
1776861660000,78219.50000000,78281.70000000,78188.79000000,78228.16000000,26.87170000,1776861719999,2102624.52108290,4577,20.63254000,1614398.19546780,0
1776861720000,78230.55000000,78252.99000000,78196.00000000,78198.44000000,3.91243000,1776861779999,306062.60948010,3240,1.69069000,132256.83169860,0
1776861780000,78198.45000000,78205.05000000,78188.79000000,78199.08000000,2.49249000,1776861839999,194910.62243450,1769,0.85260000,66669.96533190,0
1776861840000,78199.09000000,78204.96000000,78188.79000000,78188.79000000,10.53812000,1776861899999,824006.88034760,1694,1.43024000,111837.44596130,0
1776861900000,78188.80000000,78252.99000000,78188.80000000,78252.98000000,18.33259000,1776861959999,1434168.90183320,2964,5.70621000,446387.80858650,0
1776861960000,78252.98000000,78330.23000000,78248.29000000,78302.79000000,21.45148000,1776862019999,1679510.32254440,4857,13.68631000,1071355.10580550,0
1776862020000,78302.80000000,78309.54000000,78276.99000000,78277.38000000,4.46399000,1776862079999,349489.48096610,2158,2.65996000,208244.54124460,0
1776862080000,78277.38000000,78277.38000000,78180.03000000,78199.69000000,13.91105000,1776862139999,1087968.86178480,3886,5.84014000,456840.93370110,0
1776862140000,78199.70000000,78200.00000000,78181.71000000,78181.71000000,8.29451000,1776862199999,648541.49434360,1230,0.60872000,47597.69757830,0
1776862200000,78181.22000000,78209.84000000,78178.33000000,78205.66000000,7.43977000,1776862259999,581752.50586560,1894,5.91582000,462577.87211990,0
1776862260000,78205.66000000,78225.75000000,78193.14000000,78199.00000000,3.33937000,1776862319999,261174.27870520,2086,1.80413000,141101.32889470,0
1776862320000,78199.00000000,78231.60000000,78196.99000000,78231.54000000,7.63792000,1776862379999,597369.93109700,2597,5.14097000,402081.85956910,0
1776862380000,78231.54000000,78249.60000000,78212.13000000,78212.14000000,4.54538000,1776862439999,355602.08471430,1915,2.17669000,170289.62408830,0
1776862440000,78212.13000000,78247.14000000,78212.13000000,78244.08000000,1.92069000,1776862499999,150255.40273210,1257,1.19519000,93497.81396900,0
1776862500000,78244.07000000,78244.07000000,78227.58000000,78227.59000000,3.54828000,1776862559999,277609.35663500,750,1.03504000,80973.74778630,0
1776862560000,78227.59000000,78241.94000000,78225.98000000,78241.93000000,4.18554000,1776862619999,327435.39273820,1309,2.21521000,173296.23014930,0
1776862620000,78241.94000000,78299.47000000,78241.93000000,78296.94000000,10.79507000,1776862679999,844920.09570700,1698,3.11005000,243427.90129970,0
1776862680000,78296.93000000,78297.26000000,78243.94000000,78243.94000000,4.51564000,1776862739999,353499.06077990,2567,1.56613000,122610.30306450,0
1776862740000,78243.95000000,78260.00000000,78228.00000000,78236.05000000,9.07720000,1776862799999,710204.81081820,2919,6.21754000,486444.77135100,0
1776862800000,78236.05000000,78255.83000000,78203.45000000,78215.22000000,3.93142000,1776862859999,307584.98059390,3116,1.44413000,112985.20305090,0
1776862860000,78215.22000000,78227.50000000,78198.00000000,78209.81000000,2.28044000,1776862919999,178362.52895750,2061,0.70447000,55097.59137130,0
1776862920000,78209.81000000,78254.29000000,78162.64000000,78254.29000000,8.50614000,1776862979999,665134.44689510,3796,4.33692000,339160.62508650,0
1776862980000,78254.29000000,78299.47000000,78241.89000000,78297.55000000,20.71823000,1776863039999,1621262.61213790,3548,17.09888000,1337986.78945060,0
1776863040000,78297.56000000,78297.56000000,78278.43000000,78294.90000000,4.53113000,1776863099999,354726.48673310,1406,3.32063000,259958.85200740,0
1776863100000,78294.91000000,78317.97000000,78294.90000000,78316.48000000,8.54268000,1776863159999,669000.05686040,1285,1.92438000,150685.34578970,0
1776863160000,78316.47000000,78360.56000000,78278.31000000,78278.31000000,11.39586000,1776863219999,892594.39084190,3780,9.40328000,736520.15907680,0
1776863220000,78278.30000000,78298.00000000,78261.64000000,78261.65000000,2.89565000,1776863279999,226673.45444460,2177,1.22202000,95660.54704370,0
1776863280000,78261.64000000,78282.88000000,78254.01000000,78282.11000000,2.27476000,1776863339999,178053.72591790,1801,1.13645000,88951.84623590,0
1776863340000,78282.10000000,78445.70000000,78223.06000000,78262.75000000,64.48074000,1776863399999,5051461.12255620,13495,32.12603000,2516870.26752710,0
1776863400000,78262.74000000,78320.67000000,78241.42000000,78320.66000000,7.95994000,1776863459999,623077.47295310,5555,2.59512000,203131.10082200,0
1776863460000,78320.66000000,78335.97000000,78307.20000000,78326.07000000,7.38523000,1776863519999,578462.76292810,1903,5.47147000,428571.96108840,0
1776863520000,78326.08000000,78363.78000000,78310.00000000,78363.77000000,8.40153000,1776863579999,658164.46989080,2292,6.44921000,505254.34223640,0
1776863580000,78363.77000000,78363.77000000,78316.37000000,78347.40000000,3.90529000,1776863639999,305923.34249300,2458,1.26954000,99439.44604010,0
1776863640000,78347.41000000,78373.96000000,78338.18000000,78373.95000000,18.48569000,1776863699999,1448326.56510650,1884,15.39472000,1206146.88563270,0
1776863700000,78373.96000000,78430.16000000,78373.96000000,78410.47000000,6.80526000,1776863759999,533624.41165440,2924,3.83962000,301057.41776250,0
1776863760000,78410.46000000,78439.91000000,78410.46000000,78419.84000000,4.05264000,1776863819999,317837.88988520,1943,1.99354000,156342.36713990,0
1776863820000,78419.83000000,78419.83000000,78359.05000000,78386.01000000,10.05721000,1776863879999,788301.71926370,3553,3.54504000,277853.25009730,0
1776863880000,78386.01000000,78393.75000000,78345.15000000,78378.79000000,8.36845000,1776863939999,655747.53424370,2986,2.88183000,225826.90948990,0
1776863940000,78377.98000000,78500.00000000,78358.03000000,78450.01000000,32.95088000,1776863999999,2584752.44324500,10677,18.86556000,1479763.47309150,0
1776864000000,78450.00000000,78495.49000000,78392.86000000,78411.72000000,35.11784000,1776864059999,2755031.39223420,8985,19.38530000,1520791.97018730,0
1776864060000,78411.72000000,78434.98000000,78380.00000000,78415.44000000,6.38009000,1776864119999,500237.71529050,3038,4.26332000,334266.22320630,0
1776864120000,78415.44000000,78431.68000000,78384.38000000,78431.68000000,3.84507000,1776864179999,301501.79736930,2569,2.62005000,205435.95410730,0
1776864180000,78431.67000000,78494.00000000,78431.67000000,78478.65000000,5.91794000,1776864239999,464358.76177640,2976,4.04453000,317351.73920570,0
1776864240000,78478.66000000,78494.00000000,78453.56000000,78467.79000000,9.14546000,1776864299999,717712.07262010,2557,7.13074000,559600.04443710,0
1776864300000,78467.80000000,78467.80000000,78407.72000000,78412.25000000,14.39280000,1776864359999,1129049.04734170,2998,3.41729000,268013.43036690,0
1776864360000,78412.25000000,78437.11000000,78406.42000000,78437.10000000,3.36107000,1776864419999,263562.33726490,1582,2.42996000,190548.86923870,0
1776864420000,78437.10000000,78470.00000000,78437.10000000,78459.23000000,2.66472000,1776864479999,209069.88785840,1547,2.01449000,158050.79627050,0
1776864480000,78459.22000000,78470.00000000,78443.07000000,78459.99000000,5.62425000,1776864539999,441272.73071390,2291,1.67178000,131156.14019400,0
1776864540000,78460.00000000,78467.85000000,78439.23000000,78467.85000000,9.27607000,1776864599999,727701.89180490,1856,4.92056000,386009.43179890,0
1776864600000,78467.85000000,78470.00000000,78408.18000000,78456.84000000,16.55617000,1776864659999,1298678.55219290,6912,6.98915000,548193.51022400,0
1776864660000,78456.84000000,78672.67000000,78441.65000000,78617.37000000,126.94135000,1776864719999,9976093.46725000,14620,96.60178000,7591677.63359260,0
1776864720000,78617.37000000,78617.37000000,78361.26000000,78389.32000000,59.72345000,1776864779999,4685830.68805120,10887,12.22215000,959388.15958460,0
1776864780000,78389.31000000,78518.43000000,78387.85000000,78518.43000000,22.90514000,1776864839999,1796959.06317960,10092,13.20300000,1035812.43189140,0
1776864840000,78518.42000000,78533.27000000,78376.04000000,78447.39000000,22.96741000,1776864899999,1802251.43668320,7715,9.07361000,712080.74845710,0
1776864900000,78447.38000000,78447.38000000,78318.82000000,78318.83000000,23.22394000,1776864959999,1819938.39778050,7917,6.51097000,510289.46267640,0
1776864960000,78318.83000000,78365.36000000,78309.03000000,78322.10000000,19.56098000,1776865019999,1532191.40940120,7356,10.44105000,817807.02936040,0
1776865020000,78322.10000000,78487.23000000,78283.06000000,78475.86000000,23.90932000,1776865079999,1873605.72343870,8496,16.06178000,1258953.86725790,0
1776865080000,78475.85000000,78498.45000000,78372.13000000,78414.58000000,14.02944000,1776865139999,1100508.96757060,8631,9.56196000,750048.72003610,0
1776865140000,78414.58000000,78476.33000000,78414.58000000,78451.15000000,10.65892000,1776865199999,836245.97499730,6077,7.79529000,611572.12561210,0
1776865200000,78451.15000000,78495.00000000,78426.87000000,78482.86000000,20.72481000,1776865259999,1626283.33721430,7942,15.29638000,1200306.02408410,0
1776865260000,78482.85000000,78593.21000000,78468.00000000,78566.43000000,38.31659000,1776865319999,3009618.63745560,12868,30.93398000,2429794.55002140,0
1776865320000,78566.43000000,78649.99000000,78560.00000000,78606.26000000,33.39595000,1776865379999,2625366.69723350,8268,22.27376000,1751110.18721100,0
1776865380000,78606.26000000,78622.55000000,78556.00000000,78596.14000000,9.34327000,1776865439999,734286.59545430,4756,5.96140000,468503.22648090,0
1776865440000,78596.13000000,78616.93000000,78577.88000000,78616.93000000,9.46845000,1776865499999,744184.70342970,4041,7.13004000,560396.51095810,0
1776865500000,78616.92000000,78676.00000000,78600.00000000,78672.18000000,35.31795000,1776865559999,2777479.60297070,8629,29.40899000,2312780.21178430,0
1776865560000,78672.19000000,78770.00000000,78632.55000000,78632.56000000,88.31084000,1776865619999,6950182.01651040,10568,55.85190000,4395374.60855250,0
1776865620000,78632.56000000,78742.00000000,78627.21000000,78693.69000000,39.98234000,1776865679999,3146533.40427110,7783,23.99413000,1888271.41228930,0
1776865680000,78693.69000000,78693.69000000,78527.29000000,78599.99000000,26.57735000,1776865739999,2088292.54515230,8202,10.60264000,833002.34387800,0
1776865740000,78600.00000000,78663.26000000,78568.02000000,78650.39000000,31.10557000,1776865799999,2445958.63451340,7875,24.23824000,1906133.80530680,0
1776865800000,78650.38000000,78681.30000000,78610.00000000,78654.88000000,17.39293000,1776865859999,1368066.83482270,6566,13.12028000,1032021.71979830,0
1776865860000,78654.87000000,78681.30000000,78570.73000000,78681.30000000,15.46486000,1776865919999,1216004.39456280,7440,9.06630000,712946.10154070,0
1776865920000,78681.30000000,78773.60000000,78660.58000000,78761.25000000,26.90618000,1776865979999,2118030.80373630,7186,23.74698000,1869336.25273280,0
1776865980000,78761.24000000,78765.79000000,78710.00000000,78746.98000000,35.04363000,1776866039999,2759348.95751520,5931,20.39267000,1605742.31466390,0
1776866040000,78746.98000000,78773.47000000,78727.60000000,78746.27000000,19.26234000,1776866099999,1516814.89068000,4174,7.83456000,616939.72205710,0
1776866100000,78747.40000000,78764.00000000,78719.40000000,78742.80000000,8.08904000,1776866159999,636937.06309500,4208,4.46949000,351926.30696560,0
1776866160000,78742.80000000,78801.86000000,78742.80000000,78801.86000000,43.02251000,1776866219999,3389626.78383420,4979,35.60199000,2805025.05411450,0
1776866220000,78801.86000000,78832.12000000,78780.00000000,78821.01000000,29.27373000,1776866279999,2307022.64153000,4147,16.77236000,1321820.63137600,0
1776866280000,78821.01000000,78821.02000000,78785.12000000,78800.60000000,36.55154000,1776866339999,2880288.00052140,3684,17.96009000,1415209.28485430,0
1776866340000,78800.60000000,78850.00000000,78800.60000000,78840.94000000,15.50676000,1776866399999,1222437.89224460,3725,11.17163000,880687.58388830,0
1776866400000,78840.94000000,78880.36000000,78775.00000000,78785.48000000,44.79308000,1776866459999,3531100.85158550,8984,20.86142000,1644680.51698350,0
1776866460000,78785.49000000,78888.00000000,78775.01000000,78886.05000000,21.02852000,1776866519999,1658171.15573920,6082,14.78494000,1165753.13621500,0
1776866520000,78886.04000000,78900.00000000,78832.60000000,78854.46000000,52.71552000,1776866579999,4157892.11573760,5706,30.78339000,2428374.00931230,0
1776866580000,78854.47000000,78881.55000000,78842.39000000,78881.54000000,12.56058000,1776866639999,990542.04854730,3471,7.54465000,594951.78624650,0
1776866640000,78881.55000000,78900.00000000,78870.79000000,78881.80000000,23.12838000,1776866699999,1824554.90515930,3910,12.01305000,947676.19449710,0
1776866700000,78881.80000000,78888.01000000,78725.74000000,78737.02000000,38.36396000,1776866759999,3024061.95869870,5960,7.19341000,567057.93258440,0
1776866760000,78737.03000000,78824.00000000,78703.13000000,78823.99000000,19.15559000,1776866819999,1508299.10545890,5453,7.86041000,619005.73542440,0
1776866820000,78823.99000000,78840.00000000,78755.38000000,78809.17000000,22.96046000,1776866879999,1809137.67324480,4703,10.24739000,807478.94476300,0
1776866880000,78809.17000000,78849.50000000,78795.68000000,78822.42000000,16.52857000,1776866939999,1302938.30678290,4452,8.12014000,640053.32159760,0
1776866940000,78822.42000000,78850.00000000,78797.59000000,78825.19000000,24.92778000,1776866999999,1964961.44624920,4677,17.60365000,1387708.21614380,0
1776867000000,78825.19000000,78952.60000000,78825.19000000,78933.84000000,45.83460000,1776867059999,3616527.81782380,5849,33.00057000,2603620.33455200,0
1776867060000,78933.84000000,78992.16000000,78899.99000000,78969.06000000,30.90855000,1776867119999,2440602.38391910,6753,19.89875000,1571227.83649090,0
1776867120000,78969.06000000,78990.00000000,78947.07000000,78976.00000000,24.24282000,1776867179999,1914374.55334130,4763,11.18646000,883372.37311710,0
1776867180000,78975.99000000,78998.12000000,78974.14000000,78995.61000000,13.66784000,1776867239999,1079633.26696460,2409,10.53698000,832333.35957300,0
1776867240000,78995.62000000,79079.25000000,78943.50000000,79057.81000000,155.11993000,1776867299999,12255648.02549850,13078,125.79766000,9938952.41798400,0
1776867300000,79057.81000000,79072.33000000,78988.05000000,79041.48000000,43.97483000,1776867359999,3475268.87400240,6710,19.56614000,1546162.69815660,0
1776867360000,79041.47000000,79041.47000000,78967.46000000,78967.46000000,28.51048000,1776867419999,2252118.50047440,6641,6.93642000,547895.61361970,0
1776867420000,78967.46000000,78967.47000000,78900.12000000,78900.13000000,15.33247000,1776867479999,1210324.23853880,5278,5.56025000,438921.05164930,0
1776867480000,78900.12000000,78900.12000000,78827.09000000,78827.09000000,25.92260000,1776867539999,2044100.83562330,7112,11.10838000,875931.21239520,0
1776867540000,78827.09000000,78846.19000000,78781.83000000,78804.80000000,40.45449000,1776867599999,3188076.12133740,5599,11.58487000,913034.21227150,0
1776867600000,78804.81000000,78881.69000000,78778.20000000,78857.46000000,26.23698000,1776867659999,2067959.60146390,5482,15.46262000,1218699.77530770,0
1776867660000,78857.46000000,79061.63000000,78857.46000000,79046.73000000,68.97080000,1776867719999,5448805.62981550,8017,55.31302000,4369635.44810690,0
1776867720000,79046.73000000,79174.68000000,79029.64000000,79098.63000000,82.59338000,1776867779999,6533993.32160680,10138,54.60124000,4319355.85951830,0
1776867780000,79098.63000000,79134.30000000,79007.84000000,79040.09000000,46.71209000,1776867839999,3693592.87695610,8066,25.48227000,2014995.99764400,0
1776867840000,79040.09000000,79081.14000000,78992.10000000,79081.14000000,30.68510000,1776867899999,2424736.05390490,6815,15.93543000,1259213.38334170,0
1776867900000,79081.15000000,79094.42000000,79018.13000000,79071.68000000,21.85582000,1776867959999,1727894.82410330,5933,13.21230000,1044525.43997360,0
1776867960000,79070.64000000,79129.56000000,79058.00000000,79085.00000000,25.14170000,1776868019999,1988653.22446580,5777,17.23668000,1363323.34475530,0
1776868020000,79085.00000000,79113.69000000,79013.33000000,79070.80000000,16.82750000,1776868079999,1330503.03251450,7723,7.74653000,612499.48563450,0
1776868080000,79070.80000000,79070.80000000,79026.26000000,79030.98000000,13.08715000,1776868139999,1034491.46615770,4558,4.86402000,384462.03134310,0
1776868140000,79030.97000000,79095.35000000,79000.00000000,79008.31000000,20.64744000,1776868199999,1632309.17158280,4506,10.51384000,831227.50566710,0
1776868200000,79008.30000000,79042.72000000,78823.52000000,78823.52000000,31.60516000,1776868259999,2493801.45684590,10317,10.48937000,827773.25245070,0
1776868260000,78823.53000000,78871.72000000,78762.37000000,78762.37000000,43.65583000,1776868319999,3440159.82241920,10083,10.79365000,850592.68933860,0
1776868320000,78762.38000000,78785.01000000,78590.30000000,78649.28000000,105.26757000,1776868379999,8280599.38027930,16048,44.15456000,3473165.12890190,0
1776868380000,78649.28000000,78755.65000000,78577.86000000,78755.64000000,47.49983000,1776868439999,3735442.02306300,9530,28.55796000,2245992.14111560,0
1776868440000,78755.64000000,78794.51000000,78724.00000000,78729.49000000,30.56416000,1776868499999,2407454.45450880,5566,16.44198000,1295190.00800000,0
1776868500000,78729.50000000,78740.18000000,78700.00000000,78716.30000000,19.71439000,1776868559999,1551852.22432760,3559,4.61245000,363070.44421200,0
1776868560000,78716.29000000,78772.00000000,78701.69000000,78702.01000000,28.85616000,1776868619999,2272126.40576160,5683,18.53742000,1459719.15724980,0
1776868620000,78702.00000000,78837.57000000,78702.00000000,78799.86000000,17.33185000,1776868679999,1365249.20746050,4648,13.64054000,1074514.74871050,0
1776868680000,78799.86000000,78799.86000000,78736.88000000,78797.99000000,14.75552000,1776868739999,1162438.86059170,4058,6.12017000,482125.04893550,0
1776868740000,78797.99000000,78860.84000000,78797.99000000,78860.84000000,26.10367000,1776868799999,2057552.78130200,4142,19.65819000,1549439.91909700,0
1776868800000,78860.83000000,78939.39000000,78860.83000000,78939.39000000,24.69317000,1776868859999,1948605.87173320,3990,16.16976000,1275948.72718730,0
1776868860000,78939.38000000,78951.47000000,78910.92000000,78912.89000000,19.47454000,1776868919999,1536975.85275860,3588,13.21832000,1043187.68135330,0
1776868920000,78912.88000000,78922.37000000,78861.71000000,78880.90000000,22.32502000,1776868979999,1761275.43853510,4417,6.82102000,538123.58891600,0
1776868980000,78880.90000000,78882.00000000,78690.00000000,78725.15000000,29.46640000,1776869039999,2320457.28743690,6158,7.07626000,557208.17445210,0
1776869040000,78725.15000000,78750.47000000,78686.76000000,78699.54000000,38.52814000,1776869099999,3032587.66799680,3341,8.06395000,634708.33973080,0
1776869100000,78699.53000000,78736.47000000,78693.80000000,78701.01000000,13.10523000,1776869159999,1031546.55807730,3260,3.10700000,244553.16159090,0
1776869160000,78701.02000000,78802.00000000,78701.02000000,78801.99000000,16.61775000,1776869219999,1308650.25374180,4729,11.91373000,938160.96400850,0
1776869220000,78802.00000000,78838.04000000,78787.90000000,78803.72000000,7.66334000,1776869279999,603997.78531550,2795,4.17942000,329398.39956920,0
1776869280000,78803.72000000,78836.70000000,78803.72000000,78820.01000000,8.61642000,1776869339999,679207.80794510,2253,3.28633000,259050.87434440,0
1776869340000,78820.00000000,78888.00000000,78766.25000000,78888.00000000,14.80326000,1776869399999,1166889.24138910,3369,13.04078000,1027953.60149740,0
1776869400000,78888.00000000,78967.00000000,78887.99000000,78954.99000000,23.10381000,1776869459999,1823580.54798140,3087,10.57353000,834530.20461990,0
1776869460000,78955.00000000,78962.46000000,78893.59000000,78946.14000000,18.41577000,1776869519999,1453505.43394080,3214,13.83204000,1091698.12514090,0
1776869520000,78946.14000000,79007.84000000,78922.05000000,78966.18000000,54.88535000,1776869579999,4334950.06556760,5906,35.16766000,2777665.55355560,0
1776869580000,78966.17000000,78966.17000000,78889.56000000,78901.81000000,25.63614000,1776869639999,2022985.28496910,2825,5.79019000,456825.10959070,0
1776869640000,78901.82000000,78957.77000000,78865.44000000,78957.77000000,21.24132000,1776869699999,1676002.98567360,4251,10.63928000,839534.69670540,0
1776869700000,78957.77000000,78957.77000000,78899.99000000,78899.99000000,14.36438000,1776869759999,1133849.64461530,3482,3.10941000,245418.98228640,0
1776869760000,78899.99000000,78983.63000000,78867.32000000,78971.26000000,16.59225000,1776869819999,1309885.03853670,3600,11.47337000,905856.91260720,0
1776869820000,78971.27000000,79071.42000000,78948.78000000,79071.42000000,14.65948000,1776869879999,1158100.29974740,5021,10.32528000,815770.92112210,0
1776869880000,79071.41000000,79092.18000000,79042.37000000,79066.97000000,25.31730000,1776869939999,2001864.48488970,3877,11.62140000,918899.57124000,0
1776869940000,79066.96000000,79095.34000000,79045.74000000,79045.75000000,19.94287000,1776869999999,1577029.28339370,3197,5.81504000,459852.25745200,0
1776870000000,79045.75000000,79092.87000000,79000.94000000,79000.94000000,54.84576000,1776870059999,4336322.15014550,6283,32.64421000,2581135.60750930,0
1776870060000,79000.94000000,79012.05000000,78890.00000000,78924.16000000,19.96447000,1776870119999,1576447.95014630,5366,9.55522000,754361.58098070,0
1776870120000,78924.16000000,78972.29000000,78908.28000000,78950.00000000,20.57876000,1776870179999,1624682.59546860,5411,4.34813000,343243.51414380,0
1776870180000,78949.99000000,78993.15000000,78935.29000000,78993.14000000,16.33240000,1776870239999,1289760.00286080,4358,11.99048000,946849.71794120,0
1776870240000,78993.14000000,79003.00000000,78905.47000000,78916.00000000,24.68015000,1776870299999,1948443.83318950,6404,11.24325000,887774.80936730,0
1776870300000,78915.99000000,78952.49000000,78886.66000000,78889.73000000,12.99517000,1776870359999,1025482.79327150,3788,4.91347000,387767.54352280,0
1776870360000,78889.73000000,78946.58000000,78852.02000000,78946.57000000,18.15720000,1776870419999,1432491.36358710,4527,4.79263000,378116.55292780,0
1776870420000,78946.57000000,78978.18000000,78909.20000000,78938.01000000,22.63582000,1776870479999,1786933.72643720,5525,7.23170000,570838.04034740,0
1776870480000,78938.00000000,79011.76000000,78938.00000000,78971.43000000,21.81325000,1776870539999,1722828.29940700,4530,17.41097000,1375142.30270810,0
1776870540000,78971.43000000,78999.00000000,78936.75000000,78954.85000000,22.44702000,1776870599999,1772584.05151830,6370,12.97650000,1024745.46515000,0
1776870600000,78954.84000000,79078.18000000,78954.84000000,79078.18000000,22.56824000,1776870659999,1783257.16834570,4175,15.69167000,1239720.85214360,0
1776870660000,79078.18000000,79123.00000000,79068.00000000,79090.98000000,54.95860000,1776870719999,4346664.65138780,5853,35.74137000,2826781.18882170,0
1776870720000,79090.98000000,79090.98000000,78946.41000000,78968.56000000,14.13023000,1776870779999,1116335.55444510,5424,3.87306000,305859.92305990,0
1776870780000,78968.56000000,78997.36000000,78940.60000000,78947.88000000,7.91831000,1776870839999,625228.33758670,3352,3.04578000,240478.89660140,0
1776870840000,78947.87000000,79004.47000000,78924.35000000,78947.64000000,25.50954000,1776870899999,2014392.00737270,4757,14.42222000,1138832.62784570,0
1776870900000,78947.64000000,78988.09000000,78925.54000000,78966.79000000,7.12117000,1776870959999,562274.29161980,4148,2.89943000,228918.07541510,0
1776870960000,78966.80000000,78968.49000000,78909.88000000,78968.49000000,7.43515000,1776871019999,586909.94182930,4001,3.86702000,305217.96622170,0
1776871020000,78968.48000000,78997.00000000,78952.03000000,78996.99000000,7.59391000,1776871079999,599718.96680720,2888,3.73023000,294574.32364060,0
1776871080000,78996.99000000,79027.60000000,78962.14000000,78962.14000000,11.10937000,1776871139999,877740.10616740,3340,4.04206000,319337.60889400,0
1776871140000,78962.14000000,79000.52000000,78886.00000000,78982.86000000,30.00066000,1776871199999,2368464.61520350,6038,21.08654000,1664810.05736230,0
1776871200000,78982.85000000,79000.00000000,78951.33000000,78991.96000000,10.02932000,1776871259999,791994.59997190,3405,3.53105000,278835.18878610,0
1776871260000,78991.95000000,79050.00000000,78960.00000000,79041.82000000,52.18300000,1776871319999,4122452.57397270,4119,30.07453000,2375633.38281760,0
1776871320000,79041.82000000,79047.42000000,78990.00000000,78999.37000000,17.20654000,1776871379999,1359466.31722540,3110,9.77000000,771880.53749610,0
1776871380000,78999.38000000,79067.24000000,78930.42000000,79056.96000000,22.69764000,1776871439999,1792898.56350340,4645,14.61377000,1154177.16009070,0
1776871440000,79056.96000000,79071.69000000,78980.08000000,78986.37000000,21.22647000,1776871499999,1677275.57745600,4962,9.87895000,780585.79533890,0
1776871500000,78986.36000000,78988.44000000,78900.01000000,78904.04000000,25.09809000,1776871559999,1981146.32735050,4447,16.98644000,1340856.05621140,0
1776871560000,78904.03000000,78924.99000000,78837.66000000,78902.00000000,27.71789000,1776871619999,2186547.06379250,5288,18.47551000,1457513.97242660,0
1776871620000,78901.99000000,78976.00000000,78886.56000000,78959.05000000,38.44423000,1776871679999,3035003.13330330,2702,32.18895000,2541125.90560560,0
1776871680000,78959.04000000,79039.72000000,78959.04000000,79019.74000000,18.63393000,1776871739999,1472225.39184970,3164,15.25792000,1205463.46863860,0
1776871740000,79019.73000000,79127.01000000,79011.82000000,79068.15000000,37.61846000,1776871799999,2975059.80166430,6619,20.76879000,1642505.02850110,0
1776871800000,79068.16000000,79282.75000000,79064.87000000,79249.71000000,126.38361000,1776871859999,10011319.96706910,9977,98.35174000,7790141.23248050,0
1776871860000,79249.71000000,79249.71000000,79156.72000000,79172.83000000,51.88081000,1776871919999,4108336.68799860,4824,11.15342000,883523.05758670,0
1776871920000,79172.82000000,79191.84000000,79110.71000000,79120.01000000,14.78252000,1776871979999,1170033.26881170,4796,5.68934000,450356.14136320,0
1776871980000,79120.01000000,79127.40000000,79030.11000000,79056.62000000,6.51305000,1776872039999,515044.20324110,4282,1.79019000,141572.40898230,0
1776872040000,79056.63000000,79105.89000000,79010.18000000,79092.21000000,21.50257000,1776872099999,1699874.73244270,4751,14.32124000,1132263.10870540,0
1776872100000,79092.22000000,79099.64000000,79040.93000000,79040.93000000,11.57846000,1776872159999,915450.07380510,3691,4.52016000,357401.77405570,0
1776872160000,79040.93000000,79142.22000000,79009.99000000,79142.22000000,36.15002000,1776872219999,2858466.64333090,5244,22.90561000,1810990.20146710,0
1776872220000,79142.60000000,79216.97000000,79111.12000000,79205.62000000,45.55858000,1776872279999,3606991.59200890,4437,33.48719000,2651607.44014430,0
1776872280000,79204.00000000,79204.01000000,79159.26000000,79189.00000000,9.99203000,1776872339999,791252.27106950,2536,4.86614000,385327.49128820,0
1776872340000,79189.00000000,79276.00000000,79188.99000000,79259.99000000,20.85916000,1776872399999,1652891.63778450,4342,8.22957000,652107.83420720,0
1776872400000,79260.00000000,79267.48000000,79200.00000000,79267.48000000,23.50267000,1776872459999,1862089.44648590,4055,15.06732000,1193768.46078560,0
1776872460000,79267.48000000,79317.73000000,79243.88000000,79313.35000000,40.02877000,1776872519999,3173553.09383880,5692,32.38728000,2567783.95767680,0
1776872520000,79313.35000000,79313.36000000,79223.36000000,79224.75000000,13.30006000,1776872579999,1054464.05109000,3631,4.67591000,370634.69507380,0
1776872580000,79224.75000000,79296.00000000,79224.75000000,79255.99000000,28.64757000,1776872639999,2270625.41061010,4784,14.88020000,1179369.32865630,0
1776872640000,79255.99000000,79283.81000000,79232.68000000,79279.92000000,23.85355000,1776872699999,1890512.37372060,3466,19.09723000,1513521.41911960,0
1776872700000,79279.92000000,79310.00000000,79266.00000000,79309.99000000,6.65560000,1776872759999,527714.59584010,2398,3.16204000,250712.28924030,0
1776872760000,79309.99000000,79328.65000000,79235.11000000,79235.12000000,13.12117000,1776872819999,1040566.81122990,4024,5.95431000,472211.20816460,0
1776872820000,79235.12000000,79300.00000000,79235.12000000,79270.17000000,7.66244000,1776872879999,607450.10548880,3050,3.32023000,263173.04994450,0
1776872880000,79270.17000000,79325.73000000,79270.17000000,79322.16000000,12.01384000,1776872939999,952657.76671740,2279,7.27593000,576956.36209940,0
1776872940000,79322.16000000,79325.73000000,79280.89000000,79280.89000000,11.08641000,1776872999999,879293.66018830,2329,5.55153000,440289.80204040,0
1776873000000,79280.89000000,79299.68000000,79218.50000000,79299.68000000,12.90909000,1776873059999,1023128.78157460,4755,8.47551000,671704.83162610,0
1776873060000,79299.67000000,79314.00000000,79294.01000000,79306.96000000,12.02813000,1776873119999,953916.78584150,3229,4.95641000,393078.08990070,0
1776873120000,79306.95000000,79371.42000000,79288.43000000,79332.46000000,34.55009000,1776873179999,2740784.85141390,6159,20.97843000,1664252.17832310,0
1776873180000,79332.46000000,79332.46000000,79309.07000000,79323.33000000,30.11096000,1776873239999,2388401.23814590,1998,24.28700000,1926421.70451710,0
1776873240000,79323.33000000,79400.00000000,79323.33000000,79399.99000000,29.58297000,1776873299999,2348346.62634510,4809,24.48606000,1943791.36585420,0
1776873300000,79399.99000000,79400.00000000,79385.00000000,79390.01000000,9.20767000,1776873359999,731058.92423110,1369,4.04262000,320969.83279030,0
1776873360000,79390.00000000,79395.00000000,79348.46000000,79371.04000000,31.67939000,1776873419999,2514534.93305620,2841,10.88030000,863635.93923580,0
1776873420000,79371.04000000,79376.50000000,79323.33000000,79323.34000000,10.75027000,1776873479999,853168.27465680,1708,3.17195000,251758.33984460,0
1776873480000,79323.33000000,79331.42000000,79302.16000000,79308.58000000,12.97419000,1776873539999,1029014.25419730,2953,5.50961000,436956.44334240,0
1776873540000,79308.59000000,79308.59000000,79272.90000000,79272.90000000,9.48760000,1776873599999,752294.30061450,1727,1.86602000,147944.71103200,0
1776873600000,79272.91000000,79324.31000000,79272.91000000,79324.30000000,33.40700000,1776873659999,2649245.86657840,4940,22.48670000,1783216.91696510,0
1776873660000,79324.31000000,79340.92000000,79294.00000000,79313.01000000,16.96315000,1776873719999,1345535.68953040,3972,4.73068000,375219.67559130,0
1776873720000,79313.01000000,79333.78000000,79286.14000000,79333.77000000,22.47808000,1776873779999,1782773.91957780,3712,6.61569000,524644.35303570,0
1776873780000,79333.76000000,79381.33000000,79316.64000000,79381.32000000,25.98259000,1776873839999,2061707.92844030,4050,20.25151000,1607060.81578380,0
1776873840000,79381.33000000,79436.02000000,79373.41000000,79426.16000000,33.51339000,1776873899999,2661229.07662220,5074,28.92981000,2297224.09392810,0
1776873900000,79426.16000000,79472.82000000,79380.00000000,79380.00000000,27.67686000,1776873959999,2198869.44567170,5966,21.53966000,1711358.80112580,0
1776873960000,79380.00000000,79423.80000000,79317.28000000,79319.25000000,24.85089000,1776874019999,1972601.10223250,5098,12.31679000,977840.30014570,0
1776874020000,79319.25000000,79328.00000000,79306.12000000,79306.13000000,6.69474000,1776874079999,531007.07218790,1629,3.04865000,241809.83940040,0
1776874080000,79306.12000000,79307.31000000,79292.51000000,79307.30000000,10.78526000,1776874139999,855291.49254430,1764,3.24304000,257169.86751030,0
1776874140000,79307.30000000,79330.03000000,79283.83000000,79283.83000000,7.76115000,1776874199999,615494.33350430,2140,4.01912000,318748.83821920,0
1776874200000,79283.83000000,79283.84000000,79237.20000000,79237.21000000,34.83329000,1776874259999,2760783.20761410,3134,15.02103000,1190488.02943500,0
1776874260000,79237.20000000,79237.21000000,79183.35000000,79188.71000000,15.64185000,1776874319999,1238949.70624480,2635,2.28987000,181351.86753010,0
1776874320000,79188.70000000,79191.88000000,79114.11000000,79191.87000000,22.04635000,1776874379999,1745128.57136640,3502,6.27821000,497002.93657210,0
1776874380000,79191.88000000,79196.59000000,79184.06000000,79191.67000000,3.04311000,1776874439999,240988.84189700,1171,1.54620000,122445.53886190,0
1776874440000,79191.66000000,79203.44000000,79181.74000000,79201.01000000,9.71548000,1776874499999,769406.58017770,1618,7.35652000,582593.02146440,0
1776874500000,79201.00000000,79208.00000000,79167.61000000,79169.19000000,16.58322000,1776874559999,1313254.96756530,1761,2.85423000,226035.38606740,0
1776874560000,79169.19000000,79169.20000000,79145.16000000,79152.68000000,21.37125000,1776874619999,1691747.86146820,2728,6.40755000,507190.10013340,0
1776874620000,79152.68000000,79193.33000000,79152.68000000,79179.99000000,20.07521000,1776874679999,1589409.94598410,3475,13.92623000,1102556.53368200,0
1776874680000,79179.99000000,79188.34000000,79124.00000000,79124.01000000,18.86074000,1776874739999,1493098.63720310,5076,6.19264000,490242.47414040,0
1776874740000,79124.00000000,79129.34000000,79100.00000000,79127.41000000,27.52511000,1776874799999,2177410.32990050,2735,14.52677000,1149112.80100370,0
1776874800000,79127.40000000,79135.50000000,79108.91000000,79135.50000000,9.89223000,1776874859999,782632.34680740,1479,7.54368000,596832.04151120,0
1776874860000,79135.50000000,79174.00000000,79135.49000000,79144.62000000,8.79719000,1776874919999,696374.64630790,2735,2.94715000,233273.25959960,0
1776874920000,79144.63000000,79144.63000000,79071.42000000,79088.12000000,16.97966000,1776874979999,1343135.72957190,2952,4.80492000,379999.81920990,0
1776874980000,79088.11000000,79088.12000000,78959.67000000,78959.67000000,38.74385000,1776875039999,3061361.61024670,5803,13.45124000,1062814.10706220,0
1776875040000,78959.67000000,79022.40000000,78944.90000000,78989.91000000,9.59286000,1776875099999,757649.37944210,4215,6.49223000,512780.50480610,0
1776875100000,78989.90000000,79011.56000000,78969.17000000,78969.18000000,12.18421000,1776875159999,962435.96286020,2551,1.79288000,141621.08873380,0
1776875160000,78969.18000000,78969.18000000,78908.67000000,78931.17000000,29.80497000,1776875219999,2352758.69253370,4566,3.11164000,245605.74066900,0
1776875220000,78931.18000000,78960.00000000,78881.13000000,78959.99000000,17.11797000,1776875279999,1351139.14008830,3610,12.50045000,986771.88222270,0
1776875280000,78960.00000000,78991.65000000,78954.97000000,78958.24000000,27.53776000,1776875339999,2174834.47933620,3536,17.13306000,1353075.01545550,0
1776875340000,78958.12000000,78967.46000000,78925.92000000,78932.00000000,6.05789000,1776875399999,478245.17742190,3447,2.15200000,169898.77158910,0
1776875400000,78932.00000000,78932.00000000,78862.31000000,78862.31000000,12.87632000,1776875459999,1015672.25455390,4850,4.08182000,321965.33137000,0
1776875460000,78862.31000000,78900.00000000,78861.00000000,78893.99000000,10.19802000,1776875519999,804440.27267130,3948,4.15194000,327517.00520230,0
1776875520000,78894.00000000,78973.70000000,78894.00000000,78956.41000000,11.70817000,1776875579999,924191.76895810,3700,7.45159000,588116.83462060,0
1776875580000,78956.41000000,78990.94000000,78945.00000000,78984.16000000,6.74151000,1776875639999,532432.19581030,2951,5.40195000,426638.27128680,0
1776875640000,78984.16000000,79030.23000000,78980.00000000,78980.01000000,10.48791000,1776875699999,828629.22066980,3851,7.60611000,600933.72548840,0
1776875700000,78980.00000000,78992.31000000,78946.00000000,78964.69000000,17.02391000,1776875759999,1344404.82856970,4554,6.82610000,539010.36453110,0
1776875760000,78964.68000000,78984.84000000,78942.62000000,78942.62000000,7.76696000,1776875819999,613246.69224260,3145,4.02477000,317780.59763260,0
1776875820000,78942.63000000,79020.16000000,78936.34000000,79020.15000000,4.19443000,1776875879999,331235.06267350,2622,3.39787000,268343.60854010,0
1776875880000,79020.16000000,79022.40000000,78946.55000000,78946.56000000,3.05331000,1776875939999,241163.23484820,2870,1.00476000,79364.91721600,0
1776875940000,78946.56000000,78989.30000000,78946.55000000,78965.28000000,5.17355000,1776875999999,408582.51167650,2801,2.59348000,204815.88868260,0
1776876000000,78965.28000000,78965.28000000,78885.15000000,78913.66000000,5.64773000,1776876059999,445689.56157110,3823,1.78320000,140710.24611710,0
1776876060000,78913.66000000,78925.00000000,78898.75000000,78900.00000000,4.44263000,1776876119999,350564.32949080,3023,2.29925000,181430.18945390,0
1776876120000,78900.01000000,78913.70000000,78790.00000000,78840.84000000,28.63020000,1776876179999,2256716.06295880,6073,14.05745000,1107979.99560190,0
1776876180000,78841.07000000,78849.97000000,78777.00000000,78777.01000000,16.77868000,1776876239999,1322183.18201290,6101,6.98588000,550460.18288220,0
1776876240000,78777.00000000,78823.66000000,78777.00000000,78813.90000000,17.09266000,1776876299999,1346733.09996900,3652,5.94706000,468598.98206770,0
1776876300000,78813.90000000,78813.90000000,78732.87000000,78745.96000000,13.02944000,1776876359999,1026207.03868800,4719,4.89758000,385659.25911840,0
1776876360000,78745.95000000,78775.52000000,78738.07000000,78775.51000000,16.73411000,1776876419999,1318091.83935760,2874,3.95924000,311836.39728770,0
1776876420000,78775.51000000,78809.76000000,78775.51000000,78807.99000000,6.41529000,1776876479999,505502.26438970,2505,3.44420000,271379.33487380,0
1776876480000,78807.99000000,78821.77000000,78750.20000000,78771.32000000,19.07310000,1776876539999,1502329.42700940,3176,4.38102000,345073.22185330,0
1776876540000,78771.32000000,78846.75000000,78735.65000000,78842.08000000,41.97903000,1776876599999,3306128.19420010,4289,17.00327000,1339362.91421480,0
1776876600000,78842.07000000,78842.07000000,78797.90000000,78819.86000000,7.91361000,1776876659999,623708.40238230,3991,3.12417000,246211.35032080,0
1776876660000,78819.86000000,78847.18000000,78806.78000000,78811.49000000,2.30101000,1776876719999,181372.16716610,2638,1.33051000,104874.61077090,0
1776876720000,78811.50000000,78827.26000000,78742.25000000,78757.09000000,19.47215000,1776876779999,1534024.23878890,4227,9.09225000,716257.12232090,0
1776876780000,78757.08000000,78772.00000000,78743.37000000,78766.10000000,5.65155000,1776876839999,445066.34909580,3020,1.39879000,110158.22973410,0
1776876840000,78766.10000000,78772.00000000,78702.00000000,78705.89000000,12.11679000,1776876899999,953952.97784240,3107,2.19196000,172593.79071530,0
1776876900000,78705.90000000,78705.90000000,78632.37000000,78686.00000000,82.26032000,1776876959999,6471264.72805720,6202,22.26543000,1751376.92879360,0
1776876960000,78686.00000000,78770.00000000,78686.00000000,78749.93000000,15.09844000,1776877019999,1188731.49244830,2578,11.19247000,881141.26459510,0
1776877020000,78749.93000000,78764.00000000,78745.02000000,78745.58000000,4.21032000,1776877079999,331590.19457240,1074,1.04183000,82048.63548490,0
1776877080000,78745.58000000,78745.58000000,78698.64000000,78708.56000000,18.94778000,1776877139999,1491482.77096190,1862,2.28949000,180200.97695400,0
1776877140000,78708.56000000,78754.00000000,78708.56000000,78743.59000000,7.43738000,1776877199999,585657.84402590,1244,1.40051000,110262.32382590,0
1776877200000,78743.60000000,78798.42000000,78743.59000000,78787.59000000,16.32168000,1776877259999,1285735.18219700,2693,9.13496000,719549.94091100,0
1776877260000,78787.58000000,78909.32000000,78787.58000000,78903.57000000,32.99319000,1776877319999,2601847.84945460,6030,17.59738000,1387555.59713230,0
1776877320000,78903.58000000,78911.46000000,78834.73000000,78834.74000000,16.61712000,1776877379999,1310683.14057830,3727,4.61167000,363728.09064690,0
1776877380000,78834.73000000,78899.90000000,78825.46000000,78891.24000000,6.43827000,1776877439999,507713.44588290,2084,2.87967000,227073.58404360,0
1776877440000,78891.24000000,78913.70000000,78877.43000000,78883.96000000,14.57723000,1776877499999,1150195.38783000,1923,2.95364000,233038.79975990,0
1776877500000,78883.97000000,78912.24000000,78870.02000000,78902.56000000,5.30332000,1776877559999,418366.33057480,2514,3.19907000,252371.43434860,0
1776877560000,78902.56000000,78906.75000000,78855.78000000,78855.79000000,2.33431000,1776877619999,184159.80895650,2226,0.70494000,55610.29208950,0
1776877620000,78855.78000000,78868.67000000,78827.40000000,78844.49000000,4.30134000,1776877679999,339186.27927030,1751,2.97604000,234680.16052910,0
1776877680000,78844.49000000,78890.76000000,78844.48000000,78859.70000000,6.01899000,1776877739999,474757.67520930,1690,1.29365000,102035.09300080,0
1776877740000,78859.70000000,78922.30000000,78859.69000000,78922.30000000,49.88301000,1776877799999,3936405.13655070,1822,49.42392000,3900187.75343420,0
1776877800000,78922.30000000,79025.00000000,78922.30000000,79017.99000000,28.06556000,1776877859999,2216582.50849520,4820,11.01273000,869839.36175030,0
1776877860000,79017.98000000,79034.73000000,78995.54000000,78995.54000000,10.17935000,1776877919999,804372.65166750,2160,1.91776000,151537.03603040,0
1776877920000,78995.54000000,79012.76000000,78978.54000000,78984.99000000,7.17776000,1776877979999,567033.39529580,1774,1.62216000,128146.40344090,0
1776877980000,78984.99000000,78996.77000000,78964.13000000,78980.55000000,12.98056000,1776878039999,1025212.37132820,2201,4.51773000,356799.23126260,0
1776878040000,78980.54000000,78980.54000000,78958.00000000,78980.25000000,5.24674000,1776878099999,414319.05925770,1327,1.07677000,85025.83090030,0
1776878100000,78980.24000000,79008.14000000,78963.54000000,78969.98000000,25.19609000,1776878159999,1990206.90926150,2912,11.85771000,936601.03258210,0
1776878160000,78969.98000000,78974.64000000,78875.40000000,78880.95000000,12.86552000,1776878219999,1015700.99625530,3614,4.56774000,360673.19001620,0
1776878220000,78880.94000000,78880.95000000,78805.54000000,78822.43000000,7.98571000,1776878279999,629660.42199600,3673,1.54550000,121831.41178680,0
1776878280000,78822.43000000,78822.43000000,78789.22000000,78792.16000000,18.76467000,1776878339999,1478607.79547200,2091,11.99313000,944987.04481310,0
1776878340000,78792.16000000,78841.63000000,78768.00000000,78841.62000000,5.91303000,1776878399999,465897.01830610,2712,2.68984000,211928.93743040,0
1776878400000,78841.62000000,78841.63000000,78792.51000000,78818.40000000,7.16109000,1776878459999,564430.26344340,2218,2.11753000,166888.10792620,0
1776878460000,78818.41000000,78856.92000000,78818.40000000,78856.92000000,5.09301000,1776878519999,401521.56309300,1951,1.59684000,125886.25330010,0
1776878520000,78856.91000000,78856.91000000,78817.71000000,78842.47000000,5.67884000,1776878579999,447726.28393310,2539,1.49967000,118222.01405110,0
1776878580000,78842.46000000,78842.47000000,78777.15000000,78785.03000000,3.87494000,1776878639999,305413.28095610,2168,1.81618000,143144.71149740,0
1776878640000,78785.03000000,78785.04000000,78709.47000000,78723.21000000,18.30764000,1776878699999,1441273.40347740,3209,10.31351000,811883.07493960,0
1776878700000,78723.20000000,78785.03000000,78705.71000000,78785.03000000,9.52691000,1776878759999,750229.90045700,2555,3.97557000,313013.45914830,0
1776878760000,78785.03000000,78824.69000000,78785.03000000,78817.85000000,3.09961000,1776878819999,244281.85434710,1586,2.22926000,175688.65825210,0
1776878820000,78817.85000000,78895.06000000,78817.84000000,78886.64000000,4.57255000,1776878879999,360532.92034020,2127,2.73826000,215928.57098970,0
1776878880000,78886.64000000,78913.53000000,78882.44000000,78896.44000000,4.58164000,1776878939999,361517.75430270,1875,0.92777000,73196.54917590,0
1776878940000,78896.44000000,78896.44000000,78827.92000000,78832.18000000,2.71322000,1776878999999,213980.84213920,2019,0.35238000,27785.22348860,0
1776879000000,78832.19000000,78860.00000000,78822.26000000,78851.23000000,2.19778000,1776879059999,173280.41519890,1724,0.54749000,43162.78843190,0
1776879060000,78851.22000000,78861.34000000,78774.09000000,78857.38000000,4.93223000,1776879119999,388747.64289190,4179,3.54621000,279504.23310700,0
1776879120000,78857.39000000,78890.15000000,78857.38000000,78870.68000000,2.91150000,1776879179999,229640.22317980,1851,1.83797000,144963.36259350,0
1776879180000,78870.68000000,78882.02000000,78860.02000000,78876.55000000,2.78306000,1776879239999,219508.73716300,1899,0.55867000,44060.19393120,0
1776879240000,78876.55000000,78886.69000000,78805.58000000,78805.59000000,2.98911000,1776879299999,235725.71580310,2429,1.39182000,109782.92731000,0
1776879300000,78805.58000000,78805.58000000,78776.00000000,78797.10000000,1.56859000,1776879359999,123599.17274690,2078,0.81705000,64378.99976020,0
1776879360000,78797.10000000,78797.10000000,78763.66000000,78772.56000000,5.61226000,1776879419999,442134.61648140,2612,1.35961000,107106.54630450,0
1776879420000,78772.55000000,78822.93000000,78772.55000000,78813.68000000,3.33740000,1776879479999,262979.43335980,1857,1.49971000,118174.97032050,0
1776879480000,78813.67000000,78840.00000000,78813.67000000,78839.00000000,1.95115000,1776879539999,153808.97030470,1472,1.04648000,82494.69836000,0
1776879540000,78839.01000000,78863.11000000,78835.26000000,78835.27000000,7.80112000,1776879599999,615093.94983550,1958,3.06958000,242020.60752960,0
1776879600000,78835.27000000,78879.32000000,78835.27000000,78879.31000000,4.57568000,1776879659999,360817.50473730,1943,1.05433000,83146.07876360,0
1776879660000,78879.31000000,78889.49000000,78826.69000000,78826.69000000,4.77662000,1776879719999,376726.52501750,1928,1.91186000,150780.34861970,0
1776879720000,78826.68000000,78847.38000000,78798.31000000,78847.38000000,4.29598000,1776879779999,338592.97429010,1935,2.88139000,227105.08355640,0
1776879780000,78847.37000000,78847.38000000,78830.56000000,78836.06000000,4.13405000,1776879839999,325922.59281920,857,1.15196000,90817.12573510,0
1776879840000,78836.06000000,78862.05000000,78815.98000000,78815.99000000,2.22119000,1776879899999,175140.79052460,1899,1.19104000,93912.95835520,0
1776879900000,78815.98000000,78815.99000000,78736.76000000,78736.77000000,5.13527000,1776879959999,404578.69115040,2447,0.96639000,76140.32655980,0
1776879960000,78736.76000000,78782.00000000,78708.31000000,78781.60000000,5.01288000,1776880019999,394724.18164510,3207,2.58718000,203721.09796140,0
1776880020000,78782.00000000,78928.00000000,78782.00000000,78897.92000000,10.48097000,1776880079999,826683.56742840,5913,7.61870000,600897.58607140,0
1776880080000,78897.92000000,78909.91000000,78846.00000000,78846.00000000,3.56625000,1776880139999,281268.04007760,3347,1.09484000,86347.95294040,0
1776880140000,78846.01000000,78890.45000000,78843.75000000,78879.05000000,1.93615000,1776880199999,152693.41440320,2207,1.04496000,82409.44803490,0
1776880200000,78879.12000000,78879.52000000,78861.50000000,78866.78000000,1.12274000,1776880259999,88547.36477490,1151,0.59986000,47308.67049620,0
1776880260000,78866.79000000,78935.26000000,78866.78000000,78935.26000000,8.53137000,1776880319999,673173.83141030,2947,5.72465000,451716.00248590,0
1776880320000,78935.40000000,78980.00000000,78932.00000000,78957.83000000,21.09067000,1776880379999,1665329.55505660,2821,15.36849000,1213471.00534630,0
1776880380000,78957.83000000,78957.83000000,78935.07000000,78950.78000000,2.73199000,1776880439999,215671.42174890,1499,1.86206000,146992.57663240,0
1776880440000,78950.78000000,78994.40000000,78950.78000000,78994.40000000,9.05379000,1776880499999,715002.09563620,1250,7.31844000,577932.46641780,0
1776880500000,78994.39000000,78994.40000000,78952.35000000,78969.30000000,7.67830000,1776880559999,606355.86809760,1864,4.27513000,337577.98476740,0
1776880560000,78969.30000000,78990.00000000,78937.53000000,78937.53000000,4.51080000,1776880619999,356169.64794960,2268,0.61706000,48730.47364500,0
1776880620000,78937.53000000,78943.19000000,78900.54000000,78908.65000000,6.60411000,1776880679999,521228.80120590,1974,1.63517000,129040.81070730,0
1776880680000,78908.64000000,78919.92000000,78900.00000000,78914.72000000,2.75466000,1776880739999,217365.97064140,852,1.22850000,96942.46057590,0
1776880740000,78914.71000000,78914.72000000,78900.00000000,78900.00000000,2.24331000,1776880799999,177004.95034100,634,0.82455000,65058.19514150,0
1776880800000,78900.01000000,78958.42000000,78900.01000000,78951.99000000,3.93232000,1776880859999,310346.76220830,2500,2.63774000,208164.52809950,0
1776880860000,78952.00000000,78976.59000000,78951.99000000,78970.42000000,3.76291000,1776880919999,297147.46617140,1587,2.21457000,174879.88638480,0
1776880920000,78970.41000000,78981.31000000,78922.75000000,78922.76000000,2.09753000,1776880979999,165612.39887980,2629,0.68842000,54352.61050240,0
1776880980000,78922.76000000,78935.50000000,78912.68000000,78935.10000000,2.38932000,1776881039999,188574.86024360,1560,1.42763000,112672.41366340,0
1776881040000,78935.10000000,78946.60000000,78920.00000000,78920.00000000,3.18654000,1776881099999,251512.15041900,1703,0.88643000,69968.03977720,0
1776881100000,78920.01000000,78932.99000000,78896.73000000,78896.73000000,3.12248000,1776881159999,246400.39290440,1834,0.83295000,65735.10764920,0
1776881160000,78896.73000000,78896.73000000,78828.76000000,78852.07000000,5.24745000,1776881219999,413796.03454330,2755,3.01050000,237384.16667840,0
1776881220000,78852.08000000,78867.86000000,78849.23000000,78856.00000000,2.05302000,1776881279999,161897.79406700,1270,1.39741000,110194.72358400,0
1776881280000,78856.00000000,78922.00000000,78856.00000000,78908.02000000,4.76619000,1776881339999,375985.62965450,2103,3.32010000,261913.46442530,0
1776881340000,78908.01000000,78920.15000000,78882.68000000,78920.15000000,2.71175000,1776881399999,213960.69830040,1581,2.25534000,177951.95146370,0
1776881400000,78920.14000000,78920.15000000,78901.37000000,78901.37000000,9.60017000,1776881459999,757584.81874680,987,0.71830000,56680.64815550,0
1776881460000,78901.38000000,78901.38000000,78886.49000000,78899.43000000,2.20722000,1776881519999,174137.07949840,988,0.93904000,74085.91883260,0
1776881520000,78899.44000000,78972.95000000,78899.44000000,78972.94000000,3.58581000,1776881579999,283060.96355200,1756,2.76018000,217895.04972210,0
1776881580000,78972.95000000,78989.71000000,78972.94000000,78977.83000000,5.98238000,1776881639999,472511.10221350,1255,1.79036000,141403.36817110,0
1776881640000,78977.83000000,78977.84000000,78956.89000000,78958.51000000,7.87073000,1776881699999,621547.77144780,1155,1.04359000,82417.98480150,0
1776881700000,78958.51000000,78977.84000000,78958.51000000,78971.41000000,4.81621000,1776881759999,380335.33335040,1130,3.07512000,242834.92295790,0
1776881760000,78971.41000000,78971.42000000,78930.01000000,78960.21000000,11.93076000,1776881819999,942030.17183500,2776,2.44247000,192840.66632650,0
1776881820000,78960.20000000,78960.20000000,78943.02000000,78951.44000000,3.50425000,1776881879999,276668.30534900,1427,2.10715000,166363.30564510,0
1776881880000,78951.43000000,78978.47000000,78951.43000000,78978.47000000,2.58737000,1776881939999,204309.40472250,1047,1.82947000,144455.20392500,0
1776881940000,78978.47000000,78986.80000000,78976.11000000,78976.11000000,2.38012000,1776881999999,187986.71774320,1046,1.18970000,93963.63357340,0
1776882000000,78976.12000000,78976.12000000,78912.78000000,78940.37000000,5.39517000,1776882059999,425890.99547490,3221,2.00636000,158353.90093610,0
1776882060000,78940.37000000,78949.97000000,78935.04000000,78949.96000000,1.74246000,1776882119999,137558.95323070,972,1.26250000,99667.66427470,0
1776882120000,78949.96000000,78949.97000000,78885.84000000,78926.00000000,4.45040000,1776882179999,351249.24265780,3066,0.76854000,60643.95895720,0
1776882180000,78925.99000000,78950.00000000,78925.99000000,78932.20000000,2.94738000,1776882239999,232666.88430960,1521,1.16882000,92262.78512690,0
1776882240000,78932.21000000,78991.81000000,78932.21000000,78991.80000000,4.44675000,1776882299999,351196.02050330,1902,1.71343000,135302.70026580,0
1776882300000,78991.80000000,78991.81000000,78959.96000000,78959.96000000,2.92488000,1776882359999,231017.59519910,1256,0.33701000,26619.67266510,0
1776882360000,78959.96000000,78959.97000000,78932.53000000,78942.63000000,8.13256000,1776882419999,642060.03421180,1664,1.50833000,119066.11367020,0
1776882420000,78942.64000000,78942.64000000,78915.55000000,78940.04000000,2.54813000,1776882479999,201111.06054650,1950,1.56490000,123506.76083920,0
1776882480000,78940.05000000,78940.05000000,78933.37000000,78933.37000000,3.07997000,1776882539999,243125.90071020,924,0.88915000,70185.72819500,0
1776882540000,78933.37000000,78940.99000000,78903.20000000,78905.02000000,16.27847000,1776882599999,1284767.50895310,1436,1.83599000,144902.86568340,0
1776882600000,78905.02000000,78905.02000000,78857.16000000,78876.70000000,7.64729000,1776882659999,603216.56026350,3453,3.67901000,290171.96975950,0
1776882660000,78876.70000000,78929.02000000,78876.70000000,78929.02000000,2.82348000,1776882719999,222819.83325900,1192,2.42753000,191568.88339130,0
1776882720000,78929.02000000,78957.02000000,78914.81000000,78914.81000000,7.38660000,1776882779999,583070.64785680,2038,3.55958000,280960.56000110,0
1776882780000,78914.81000000,78926.70000000,78904.00000000,78920.67000000,1.44305000,1776882839999,113877.59116070,1778,0.86431000,68205.62337710,0
1776882840000,78920.67000000,78936.43000000,78895.17000000,78899.17000000,1.73210000,1776882899999,136693.36380210,1614,0.93496000,73787.52552390,0
1776882900000,78899.17000000,78931.29000000,78896.08000000,78930.67000000,1.72638000,1776882959999,136247.35608900,1245,0.80908000,63847.75242260,0
1776882960000,78930.68000000,78966.69000000,78921.20000000,78966.65000000,4.88808000,1776883019999,385881.69208510,1512,1.97869000,156211.06680450,0
1776883020000,78966.65000000,78968.71000000,78952.00000000,78959.90000000,2.44834000,1776883079999,193325.56409250,1331,1.44672000,114235.45474600,0
1776883080000,78959.89000000,78959.90000000,78933.31000000,78955.99000000,4.05440000,1776883139999,320086.90975470,1937,1.00942000,79688.90042110,0
1776883140000,78955.99000000,78964.81000000,78945.35000000,78960.21000000,3.14702000,1776883199999,248473.37884770,1167,1.16860000,92265.15880390,0
1776883200000,78960.20000000,78994.32000000,78960.20000000,78989.78000000,2.71923000,1776883259999,214779.70684230,1505,1.84857000,146010.93358070,0
1776883260000,78989.28000000,78989.28000000,78972.00000000,78972.01000000,1.62103000,1776883319999,128034.02780490,933,0.33632000,26564.28673910,0
1776883320000,78972.00000000,79031.56000000,78971.88000000,79009.39000000,32.37705000,1776883379999,2557709.10248230,2072,30.16081000,2382654.94702980,0
1776883380000,79009.38000000,79014.94000000,79001.60000000,79014.93000000,6.22879000,1776883439999,492116.64239120,1239,5.16725000,408245.72414400,0
1776883440000,79014.94000000,79014.94000000,78960.96000000,78960.97000000,12.29849000,1776883499999,971552.64253200,1496,1.67694000,132468.56819540,0
1776883500000,78960.97000000,78998.70000000,78957.72000000,78998.70000000,4.62221000,1776883559999,364991.53952990,1571,2.47814000,195691.49784940,0
1776883560000,78998.69000000,78998.70000000,78990.33000000,78990.33000000,1.88573000,1776883619999,148967.26218330,660,0.34853000,27532.63222630,0
1776883620000,78990.32000000,79013.91000000,78990.32000000,79013.90000000,2.85820000,1776883679999,225785.98303330,930,1.57320000,124277.43079110,0
1776883680000,79013.90000000,79069.82000000,79013.90000000,79046.81000000,5.53550000,1776883739999,437594.99420200,1758,3.27214000,258658.62055340,0
1776883740000,79046.81000000,79108.00000000,79046.81000000,79108.00000000,18.28887000,1776883799999,1446491.08060710,1903,17.38890000,1375307.02875220,0
1776883800000,79107.99000000,79107.99000000,79072.48000000,79103.08000000,4.45825000,1776883859999,352572.25395660,1726,2.82692000,223552.05079250,0
1776883860000,79103.09000000,79103.09000000,79073.80000000,79090.92000000,2.76079000,1776883919999,218339.56535300,1288,1.53996000,121781.83271720,0
1776883920000,79090.91000000,79144.62000000,79090.91000000,79144.62000000,7.63567000,1776883979999,604060.19475200,2230,6.24621000,494127.35746510,0
1776883980000,79144.62000000,79163.66000000,79094.00000000,79094.00000000,6.67722000,1776884039999,528429.38097220,3121,2.96906000,234995.01312880,0
1776884040000,79094.00000000,79099.84000000,79075.78000000,79079.59000000,3.85933000,1776884099999,305223.93161910,2045,1.21399000,96008.96515200,0
1776884100000,79079.59000000,79079.59000000,79033.60000000,79055.00000000,5.01034000,1776884159999,396068.72039160,2247,1.26006000,99600.38903810,0
1776884160000,79054.99000000,79054.99000000,79011.35000000,79011.35000000,3.92670000,1776884219999,310365.35271610,1699,0.80897000,63941.20481190,0
1776884220000,79011.36000000,79031.27000000,79002.51000000,79022.52000000,6.48234000,1776884279999,512228.20369080,2397,1.87439000,148101.35159770,0
1776884280000,79023.99000000,79035.00000000,79008.00000000,79008.00000000,3.84519000,1776884339999,303847.70171240,1731,1.70394000,134644.24784710,0
1776884340000,79008.00000000,79022.40000000,78990.76000000,79022.39000000,12.87185000,1776884399999,1016932.47519480,1603,6.86290000,542206.33059540,0
1776884400000,79022.40000000,79050.51000000,78865.00000000,78876.48000000,14.75240000,1776884459999,1164806.18122540,7869,6.48803000,512256.64674090,0
1776884460000,78876.48000000,78876.49000000,78806.81000000,78839.40000000,14.89192000,1776884519999,1174024.10118260,5944,4.01131000,316194.99816590,0
1776884520000,78839.40000000,78927.30000000,78839.40000000,78927.30000000,5.71063000,1776884579999,450418.46843360,2951,3.79438000,299266.91262990,0
1776884580000,78927.30000000,78942.27000000,78779.90000000,78789.57000000,18.28874000,1776884639999,1441777.56228390,3976,1.57729000,124376.62078540,0
1776884640000,78789.57000000,78795.72000000,78742.48000000,78785.89000000,17.19705000,1776884699999,1354467.53788530,3284,7.93090000,624633.24732270,0
1776884700000,78785.41000000,78845.74000000,78706.81000000,78812.27000000,31.25861000,1776884759999,2462567.82466070,5694,19.33119000,1522971.87069990,0
1776884760000,78812.27000000,78823.89000000,78785.63000000,78801.38000000,10.35555000,1776884819999,815985.06942870,3534,7.43040000,585454.99471760,0
1776884820000,78801.37000000,78801.37000000,78736.67000000,78772.67000000,15.24692000,1776884879999,1201024.70675580,3174,2.78831000,219609.64880470,0
1776884880000,78772.67000000,78778.81000000,78726.17000000,78726.17000000,3.49145000,1776884939999,274998.42113140,1702,0.85807000,67590.53046870,0
1776884940000,78726.18000000,78761.18000000,78726.17000000,78761.17000000,4.03261000,1776884999999,317520.76218700,2131,3.00951000,236964.47675520,0
1776885000000,78761.17000000,78787.85000000,78761.17000000,78778.83000000,4.89021000,1776885059999,385221.25060960,2272,3.10373000,244494.27447280,0
1776885060000,78778.84000000,78803.48000000,78772.00000000,78794.25000000,8.30938000,1776885119999,654707.11053210,1744,2.11228000,166412.91159470,0
1776885120000,78794.25000000,78823.40000000,78788.85000000,78795.59000000,38.12884000,1776885179999,3004455.87825570,2173,31.47349000,2479946.17407300,0
1776885180000,78795.59000000,78837.59000000,78795.59000000,78837.58000000,7.49413000,1776885239999,590631.43150780,1475,5.20164000,409942.75638900,0
1776885240000,78837.59000000,78855.73000000,78825.22000000,78855.72000000,7.35909000,1776885299999,580216.15543870,1391,4.47109000,352524.05086780,0
1776885300000,78855.72000000,78893.33000000,78828.67000000,78893.33000000,6.64373000,1776885359999,523912.31719710,3560,5.24075000,413274.83682110,0
1776885360000,78893.34000000,78895.72000000,78874.03000000,78890.00000000,4.83076000,1776885419999,381087.03442980,1957,0.75140000,59274.50170930,0
1776885420000,78890.01000000,78913.67000000,78847.16000000,78861.39000000,14.51818000,1776885479999,1145326.35702930,3234,10.66384000,841308.92595290,0
1776885480000,78861.39000000,78900.00000000,78858.63000000,78883.02000000,11.66756000,1776885539999,920233.57010760,1620,9.18513000,724404.31211140,0
1776885540000,78883.02000000,78945.25000000,78883.02000000,78932.90000000,10.02426000,1776885599999,791077.75182670,2611,5.96661000,470788.51058840,0
1776885600000,78932.89000000,78986.00000000,78930.90000000,78937.73000000,9.15030000,1776885659999,722489.01143070,2694,3.92337000,309723.83837900,0
1776885660000,78937.72000000,78969.89000000,78934.35000000,78969.88000000,4.62804000,1776885719999,365405.50076710,2134,3.38776000,267483.99536870,0
1776885720000,78969.89000000,78977.77000000,78929.83000000,78931.28000000,13.57095000,1776885779999,1071447.46031360,1306,2.37731000,187718.20049800,0
1776885780000,78931.29000000,78966.00000000,78918.86000000,78964.19000000,7.85544000,1776885839999,620150.53259300,2671,3.33625000,263363.86711980,0
1776885840000,78964.20000000,78982.79000000,78950.00000000,78982.78000000,16.09243000,1776885899999,1270747.74730600,1756,11.69173000,923255.06688180,0
1776885900000,78982.78000000,79028.00000000,78982.78000000,79027.99000000,4.88451000,1776885959999,385861.49983230,1890,4.31341000,340738.67642330,0
1776885960000,79028.00000000,79067.60000000,79007.87000000,79024.00000000,12.36884000,1776886019999,977650.39665810,3518,5.36037000,423645.71003520,0
1776886020000,79024.00000000,79024.00000000,79007.85000000,79022.39000000,2.00781000,1776886079999,158649.20340490,956,1.10817000,87562.15129490,0
1776886080000,79022.40000000,79029.39000000,78987.73000000,79029.39000000,12.49922000,1776886139999,987554.95321640,1927,9.08777000,717991.58066280,0
1776886140000,79029.38000000,79029.38000000,79002.00000000,79027.60000000,2.75854000,1776886199999,217961.02422950,1491,1.62254000,128197.30386870,0
1776886200000,79027.59000000,79050.00000000,79016.21000000,79040.01000000,13.04580000,1776886259999,1031131.21454270,2573,6.78974000,536660.75522000,0
1776886260000,79040.02000000,79062.00000000,79004.09000000,79061.99000000,8.39728000,1776886319999,663683.86091980,2748,6.99469000,552833.80767850,0
1776886320000,79061.99000000,79062.00000000,79019.84000000,79036.08000000,7.80453000,1776886379999,616881.69468190,2798,3.81926000,301881.73358130,0
1776886380000,79036.08000000,79036.09000000,78950.00000000,78953.50000000,11.89115000,1776886439999,939213.73078910,3075,3.58951000,283524.84257910,0
1776886440000,78953.49000000,78959.46000000,78923.17000000,78936.70000000,7.92765000,1776886499999,625867.51821640,3525,2.61069000,206088.10021210,0
1776886500000,78936.70000000,78936.70000000,78837.90000000,78838.25000000,16.86825000,1776886559999,1330410.52522880,5550,5.50753000,434310.37813530,0
1776886560000,78838.25000000,78838.25000000,78762.90000000,78789.22000000,13.71835000,1776886619999,1081073.58343430,4048,2.29966000,181219.73895680,0
1776886620000,78789.22000000,78866.11000000,78789.21000000,78866.11000000,4.76600000,1776886679999,375724.78552690,2234,4.45048000,350856.28264390,0
1776886680000,78866.11000000,78882.33000000,78854.15000000,78873.67000000,3.97623000,1776886739999,313598.52738880,2355,2.43910000,192356.52094740,0
1776886740000,78873.67000000,78877.61000000,78873.67000000,78875.64000000,1.01241000,1776886799999,79854.51433180,354,0.32874000,25929.84703460,0
1776886800000,78875.64000000,78875.64000000,78835.24000000,78857.77000000,10.53401000,1776886859999,830549.41621100,2215,9.04418000,713070.39144900,0
1776886860000,78857.78000000,78864.33000000,78842.45000000,78843.59000000,7.40600000,1776886919999,583984.20808780,2104,3.81998000,301208.87539950,0
1776886920000,78843.17000000,78866.94000000,78826.94000000,78836.00000000,6.69762000,1776886979999,528019.97804100,2756,1.78388000,140639.46160970,0
1776886980000,78836.00000000,78861.35000000,78836.00000000,78861.35000000,7.13274000,1776887039999,562377.66885710,1341,4.50833000,355454.43070480,0
1776887040000,78861.36000000,78874.87000000,78860.09000000,78860.10000000,3.49871000,1776887099999,275932.15643960,1135,1.25546000,99010.53263160,0
1776887100000,78860.10000000,78860.10000000,78817.19000000,78834.04000000,5.92823000,1776887159999,467318.76578530,1948,3.69698000,291418.36161160,0
1776887160000,78834.04000000,78843.29000000,78805.64000000,78827.05000000,3.84682000,1776887219999,303235.14296810,2700,1.23475000,97328.15187070,0
1776887220000,78827.04000000,78888.00000000,78827.04000000,78887.61000000,6.17595000,1776887279999,487068.76936150,1566,5.44465000,429403.50159920,0
1776887280000,78887.60000000,78887.61000000,78854.00000000,78860.07000000,2.21422000,1776887339999,174623.63396130,1122,0.55189000,43521.32157910,0
1776887340000,78860.07000000,78886.55000000,78842.96000000,78884.19000000,3.46127000,1776887399999,272973.10297150,1595,1.96155000,154694.46899360,0
1776887400000,78884.20000000,78913.70000000,78832.19000000,78861.43000000,9.95181000,1776887459999,784842.18243430,4724,5.67795000,447804.90409850,0
1776887460000,78861.44000000,78868.00000000,78826.45000000,78840.11000000,6.19267000,1776887519999,488236.84072610,2673,1.48251000,116891.75489190,0
1776887520000,78840.11000000,78840.11000000,78782.59000000,78782.69000000,4.05062000,1776887579999,319216.30978850,1384,0.87551000,68997.41683060,0
1776887580000,78782.70000000,78819.44000000,78782.70000000,78819.43000000,3.56272000,1776887639999,280732.78012390,1295,1.67011000,131606.16665230,0
1776887640000,78819.43000000,78890.00000000,78819.43000000,78889.99000000,3.36531000,1776887699999,265434.35844180,1984,2.62915000,207372.88765530,0
1776887700000,78890.00000000,78890.96000000,78838.12000000,78889.99000000,3.83912000,1776887759999,302768.14181260,2901,1.36572000,107701.01634770,0
1776887760000,78889.98000000,78936.99000000,78889.98000000,78936.98000000,4.27667000,1776887819999,337505.17423700,1918,3.11950000,246181.97818270,0
1776887820000,78936.98000000,78967.34000000,78936.98000000,78946.64000000,8.25502000,1776887879999,651771.46575620,2145,5.37713000,424551.79765700,0
1776887880000,78946.63000000,78952.80000000,78923.95000000,78925.73000000,10.98231000,1776887939999,866919.37689740,2755,5.36429000,423451.63353710,0
1776887940000,78925.73000000,78939.55000000,78827.18000000,78846.62000000,21.61911000,1776887999999,1705316.55878340,3995,8.96297000,707051.91365110,0
1776888000000,78846.62000000,78893.48000000,78808.51000000,78842.90000000,16.58444000,1776888059999,1307664.69159310,5762,5.64581000,445197.14092800,0
1776888060000,78844.12000000,78875.00000000,78826.55000000,78856.87000000,5.02760000,1776888119999,396450.94262880,2072,1.78440000,140689.51653860,0
1776888120000,78856.88000000,78915.84000000,78856.88000000,78892.54000000,7.69006000,1776888179999,606612.72190190,2275,6.23474000,491803.52819340,0
1776888180000,78892.54000000,78897.53000000,78880.06000000,78894.94000000,3.32446000,1776888239999,262262.57074700,1314,1.95636000,154332.30085090,0
1776888240000,78894.94000000,78913.70000000,78881.76000000,78897.88000000,4.54022000,1776888299999,358213.15515380,1885,2.93073000,231229.80813480,0
1776888300000,78897.88000000,78909.90000000,78868.25000000,78870.52000000,3.29500000,1776888359999,259968.33423950,1417,0.83119000,65572.83167310,0
1776888360000,78870.53000000,78878.90000000,78836.70000000,78836.70000000,3.56184000,1776888419999,280886.62737550,1779,2.29406000,180908.83042610,0
1776888420000,78836.69000000,78836.69000000,78806.29000000,78814.17000000,7.81483000,1776888479999,615978.38983950,2003,4.14524000,326725.45043030,0
1776888480000,78814.17000000,78832.38000000,78805.00000000,78805.00000000,3.95304000,1776888539999,311577.99628750,1619,1.77658000,140017.69190180,0
1776888540000,78805.01000000,78826.80000000,78779.84000000,78779.85000000,5.17173000,1776888599999,407521.87712880,2397,2.01480000,158755.97625240,0
1776888600000,78779.84000000,78779.85000000,78747.25000000,78751.79000000,5.39153000,1776888659999,424642.23181690,1711,0.68972000,54317.21496300,0
1776888660000,78751.78000000,78789.14000000,78751.78000000,78778.01000000,3.65993000,1776888719999,288295.86373350,2065,2.49703000,196689.66547410,0
1776888720000,78778.01000000,78800.00000000,78778.00000000,78794.57000000,7.23963000,1776888779999,570433.38752780,1919,5.03448000,396684.66841190,0
1776888780000,78794.57000000,78794.57000000,78775.43000000,78775.43000000,2.87516000,1776888839999,226523.77711950,811,1.31580000,103670.67029930,0
1776888840000,78775.44000000,78780.02000000,78748.46000000,78748.46000000,3.46175000,1776888899999,272663.07557390,1399,0.82402000,64909.46566430,0
1776888900000,78748.46000000,78750.00000000,78735.03000000,78750.00000000,6.63357000,1776888959999,522360.49701650,1452,1.57830000,124278.35420980,0
1776888960000,78750.00000000,78750.50000000,78738.27000000,78750.49000000,2.40873000,1776889019999,189672.02894370,537,0.61943000,48775.02150010,0
1776889020000,78750.49000000,78758.00000000,78729.38000000,78729.38000000,2.20234000,1776889079999,173425.72296670,1060,1.15350000,90836.38665600,0
1776889080000,78729.39000000,78758.00000000,78726.00000000,78734.78000000,4.37841000,1776889139999,344737.04770570,1565,1.88649000,148533.12392430,0
1776889140000,78734.78000000,78734.78000000,78632.37000000,78667.15000000,32.82375000,1776889199999,2582209.63913880,3037,8.07319000,635013.30581690,0
1776889200000,78667.15000000,78667.15000000,78581.91000000,78592.47000000,36.66403000,1776889259999,2881848.36117690,4407,12.17820000,957054.32445550,0
1776889260000,78592.47000000,78592.47000000,78516.62000000,78533.92000000,20.92713000,1776889319999,1643804.35949290,3731,2.72253000,213811.09327950,0
1776889320000,78533.92000000,78550.00000000,78484.42000000,78549.99000000,25.26960000,1776889379999,1983902.64217830,3573,10.74745000,843845.88234720,0
1776889380000,78549.99000000,78580.20000000,78542.37000000,78580.19000000,9.78354000,1776889439999,768579.11919220,1363,4.61122000,362253.81541640,0
1776889440000,78580.20000000,78581.02000000,78534.96000000,78556.00000000,7.04156000,1776889499999,553083.18301930,1866,5.46281000,429056.79592910,0
1776889500000,78556.77000000,78587.43000000,78556.77000000,78587.43000000,0.71636000,1776889559999,56284.48622300,615,0.49241000,38688.92849210,0
1776889560000,78587.42000000,78599.99000000,78574.01000000,78599.99000000,6.12737000,1776889619999,481555.84351400,1718,4.81231000,378206.37230190,0
1776889620000,78599.98000000,78599.98000000,78586.82000000,78595.52000000,1.90844000,1776889679999,149985.80578470,919,0.40818000,32078.96252330,0
1776889680000,78595.53000000,78610.25000000,78595.52000000,78610.25000000,3.97042000,1776889739999,312087.98670820,668,2.63262000,206929.45433040,0
1776889740000,78610.25000000,78610.25000000,78594.00000000,78595.14000000,9.51353000,1776889799999,747787.96221470,1055,1.49468000,117480.48012680,0
1776889800000,78595.13000000,78595.14000000,78573.77000000,78593.43000000,3.74505000,1776889859999,294311.88199850,1048,0.42414000,33330.14713660,0
1776889860000,78593.42000000,78600.00000000,78590.71000000,78590.72000000,5.42079000,1776889919999,426067.72873440,652,0.92475000,72682.63479490,0
1776889920000,78590.71000000,78617.87000000,78590.71000000,78617.86000000,4.99469000,1776889979999,392574.23063640,749,3.69514000,290430.54646540,0
1776889980000,78617.86000000,78617.87000000,78573.07000000,78573.07000000,5.29941000,1776890039999,416531.82327500,1053,1.19749000,94105.43766620,0
1776890040000,78573.08000000,78573.08000000,78549.58000000,78549.59000000,1.12304000,1776890099999,88224.15789720,717,0.37762000,29662.38807070,0
1776890100000,78549.58000000,78549.59000000,78539.68000000,78539.68000000,1.83250000,1776890159999,143938.99291070,511,0.37086000,29130.08511920,0
1776890160000,78539.69000000,78549.59000000,78487.56000000,78547.20000000,27.49393000,1776890219999,2158750.40234700,2679,11.80518000,926779.97674150,0
1776890220000,78547.21000000,78547.23000000,78506.12000000,78533.99000000,4.19613000,1776890279999,329487.00450520,1882,1.70202000,133637.97740190,0
1776890280000,78533.99000000,78534.00000000,78530.15000000,78530.16000000,2.30341000,1776890339999,180891.25133300,323,0.43020000,33784.88616000,0
1776890340000,78530.16000000,78530.16000000,78514.81000000,78522.81000000,4.22506000,1776890399999,331766.40546740,1194,2.24273000,176101.42344130,0
1776890400000,78522.81000000,78567.12000000,78522.81000000,78546.33000000,4.93519000,1776890459999,387659.13417940,1510,3.01704000,236991.63588270,0
1776890460000,78546.32000000,78546.32000000,78524.01000000,78535.99000000,2.21043000,1776890519999,173590.30603600,993,1.24307000,97615.78183790,0
1776890520000,78535.99000000,78536.00000000,78530.80000000,78535.00000000,1.46540000,1776890579999,115081.95762700,586,0.86569000,67984.50772190,0
1776890580000,78535.00000000,78535.00000000,78526.01000000,78535.00000000,5.21233000,1776890639999,409347.50288350,691,0.73584000,57786.83901770,0
1776890640000,78534.99000000,78535.00000000,78513.37000000,78513.37000000,6.59647000,1776890699999,518006.74052190,729,0.32617000,25611.95602820,0
1776890700000,78513.37000000,78521.26000000,78496.97000000,78496.97000000,2.96220000,1776890759999,232553.53117060,1431,1.39804000,109755.34547150,0
1776890760000,78496.97000000,78512.77000000,78470.58000000,78470.59000000,6.68801000,1776890819999,524949.94634080,1768,1.45593000,114293.37528190,0
1776890820000,78470.59000000,78502.31000000,78470.59000000,78502.30000000,4.12897000,1776890879999,324067.94345410,804,1.36079000,106804.22272550,0
1776890880000,78502.30000000,78517.60000000,78502.22000000,78502.22000000,2.77093000,1776890939999,217550.67519300,1099,1.48533000,116614.79043070,0
1776890940000,78502.22000000,78502.23000000,78495.84000000,78495.85000000,1.44867000,1776890999999,113719.68178730,412,0.26944000,21150.43082040,0
1776891000000,78495.85000000,78512.00000000,78488.00000000,78488.01000000,13.97801000,1776891059999,1097274.90286260,1429,8.41630000,660653.93807220,0
1776891060000,78488.00000000,78488.01000000,78483.16000000,78483.16000000,2.10595000,1776891119999,165283.13805130,300,0.91299000,71654.38722710,0
1776891120000,78483.16000000,78483.17000000,78444.00000000,78468.22000000,12.10598000,1776891179999,949756.06598330,2712,4.76750000,373996.81756740,0
1776891180000,78468.22000000,78468.23000000,78442.62000000,78442.63000000,8.74988000,1776891239999,686512.24043810,1639,4.60532000,361347.66044090,0
1776891240000,78442.62000000,78442.63000000,78440.78000000,78440.79000000,2.19541000,1776891299999,172211.52980370,479,0.14584000,11439.90032800,0
1776891300000,78440.79000000,78440.79000000,78432.54000000,78432.55000000,1.67911000,1776891359999,131701.29547650,350,0.47846000,37527.93263940,0
1776891360000,78432.55000000,78432.55000000,78410.00000000,78422.82000000,16.00475000,1776891419999,1255142.89995710,1400,6.51510000,510905.67427250,0
1776891420000,78422.83000000,78468.19000000,78422.82000000,78468.19000000,7.10327000,1776891479999,557208.54987870,1212,5.91199000,463763.84530840,0
1776891480000,78468.20000000,78482.63000000,78414.98000000,78414.98000000,14.23435000,1776891539999,1116969.60997780,2458,8.69795000,682565.76568600,0
1776891540000,78414.97000000,78436.68000000,78414.97000000,78436.68000000,5.49611000,1776891599999,431032.69090480,724,2.81998000,221160.94275110,0
1776891600000,78436.69000000,78478.22000000,78425.00000000,78473.79000000,11.19074000,1776891659999,877962.50225790,1555,6.09319000,478074.38300560,0
1776891660000,78473.79000000,78486.27000000,78448.17000000,78486.27000000,1.82331000,1776891719999,143063.26705240,1486,1.03146000,80931.98298330,0
1776891720000,78486.85000000,78534.87000000,78486.85000000,78534.87000000,5.03635000,1776891779999,395365.09836250,981,4.80462000,377170.61368550,0
1776891780000,78534.86000000,78534.87000000,78522.20000000,78522.20000000,0.92317000,1776891839999,72496.82497540,477,0.14506000,11391.55629300,0
1776891840000,78522.20000000,78550.00000000,78520.50000000,78549.99000000,1.37319000,1776891899999,107837.89972940,796,0.76398000,59999.49342610,0
1776891900000,78549.99000000,78549.99000000,78545.99000000,78545.99000000,0.52263000,1776891959999,41051.23905720,266,0.19882000,15616.51572000,0
1776891960000,78545.99000000,78582.24000000,78545.99000000,78572.12000000,4.71833000,1776892019999,370650.81102960,1244,3.75572000,295022.85359360,0
1776892020000,78572.13000000,78572.13000000,78549.07000000,78553.13000000,2.09771000,1776892079999,164788.96480980,1022,1.14153000,89671.71262140,0
1776892080000,78553.13000000,78553.13000000,78553.12000000,78553.12000000,0.66580000,1776892139999,52300.66980460,227,0.25086000,19705.83819180,0
1776892140000,78553.12000000,78577.86000000,78553.12000000,78577.86000000,1.62734000,1776892199999,127839.24428840,539,1.44760000,113719.00049420,0
1776892200000,78577.85000000,78577.85000000,78572.13000000,78576.80000000,2.78346000,1776892259999,218707.55567090,296,1.97262000,154994.02701250,0
1776892260000,78576.79000000,78599.99000000,78572.86000000,78599.99000000,5.60212000,1776892319999,440196.46092320,1029,3.26126000,256257.19653490,0
1776892320000,78599.98000000,78599.99000000,78583.57000000,78583.57000000,2.45175000,1776892379999,192687.15069410,439,1.33206000,104687.03702850,0
1776892380000,78583.57000000,78583.57000000,78555.75000000,78569.81000000,6.45554000,1776892439999,507223.68116810,1220,1.61513000,126898.42366750,0
1776892440000,78569.81000000,78584.00000000,78569.80000000,78583.99000000,1.89205000,1776892499999,148660.21837030,452,1.73239000,136115.17914260,0
1776892500000,78584.00000000,78599.01000000,78583.99000000,78593.57000000,1.97442000,1776892559999,155173.87269460,649,0.97246000,76425.10322010,0
1776892560000,78593.56000000,78593.57000000,78586.04000000,78593.32000000,0.73074000,1776892619999,57429.28296510,670,0.37183000,29221.94547130,0
1776892620000,78593.31000000,78599.92000000,78593.31000000,78599.92000000,0.82473000,1776892679999,64823.15984230,235,0.40871000,32124.04449010,0
1776892680000,78599.92000000,78599.92000000,78565.35000000,78575.78000000,3.45494000,1776892739999,271497.00950050,1677,0.85552000,67223.59794940,0
1776892740000,78575.78000000,78575.78000000,78575.77000000,78575.77000000,1.02356000,1776892799999,80427.02002910,133,0.48879000,38407.05550620,0
1776892800000,78575.78000000,78593.94000000,78571.26000000,78593.93000000,1.87658000,1776892859999,147458.38995120,1148,0.64362000,50576.90408240,0
1776892860000,78593.93000000,78599.92000000,78550.00000000,78568.45000000,78.03969000,1776892919999,6131966.60764080,1429,5.09916000,400591.37257500,0
1776892920000,78568.71000000,78585.43000000,78568.71000000,78580.93000000,2.10867000,1776892979999,165704.67272640,569,0.52948000,41606.61881130,0
1776892980000,78580.93000000,78580.94000000,78568.71000000,78568.71000000,7.00838000,1776893039999,550704.01113010,822,0.24706000,19413.18315110,0
1776893040000,78568.72000000,78568.72000000,78568.71000000,78568.71000000,1.61676000,1776893099999,127026.75545860,206,0.78790000,61904.29448800,0
1776893100000,78568.71000000,78575.00000000,78568.71000000,78574.99000000,1.62721000,1776893159999,127855.28222140,376,0.50721000,39852.84708590,0
1776893160000,78574.99000000,78574.99000000,78566.77000000,78566.77000000,2.31689000,1776893219999,182036.36784820,327,0.42779000,33610.08281620,0
1776893220000,78566.78000000,78585.16000000,78566.77000000,78585.15000000,1.56650000,1776893279999,123085.21452220,695,1.34652000,105798.58306990,0
1776893280000,78585.16000000,78585.16000000,78580.08000000,78580.08000000,2.00048000,1776893339999,157204.73663410,378,0.75390000,59243.23185000,0
1776893340000,78580.09000000,78580.09000000,78580.08000000,78580.09000000,0.83213000,1776893399999,65388.84517680,107,0.32064000,25195.92005760,0
1776893400000,78580.08000000,78613.28000000,78580.08000000,78613.27000000,5.43808000,1776893459999,427453.85180530,1175,2.08421000,163806.63761150,0
1776893460000,78613.27000000,78647.88000000,78613.27000000,78624.53000000,9.06702000,1776893519999,712970.99643230,1624,4.93822000,388284.65308500,0
1776893520000,78624.54000000,78650.00000000,78624.53000000,78649.99000000,2.52343000,1776893579999,198420.92881950,685,1.91847000,150852.63841130,0
1776893580000,78649.99000000,78653.83000000,78649.99000000,78653.83000000,3.42576000,1776893639999,269444.54866800,381,2.61906000,205994.71812800,0
1776893640000,78653.82000000,78700.00000000,78653.82000000,78700.00000000,6.27999000,1776893699999,494042.77468400,1664,4.52596000,356041.97158030,0
1776893700000,78700.00000000,78706.45000000,78700.00000000,78700.63000000,5.28987000,1776893759999,416333.76097260,881,1.61400000,127026.00685780,0
1776893760000,78700.63000000,78700.64000000,78678.69000000,78686.54000000,4.62755000,1776893819999,364148.14764360,1465,0.82155000,64642.06626040,0
1776893820000,78686.54000000,78716.06000000,78686.54000000,78716.05000000,2.12655000,1776893879999,167361.47870770,1290,1.85733000,146172.33296930,0
1776893880000,78716.06000000,78723.78000000,78712.81000000,78723.78000000,5.38638000,1776893939999,424004.94951460,874,2.62564000,206682.10102700,0
1776893940000,78723.78000000,78749.33000000,78723.77000000,78749.32000000,1.47809000,1776893999999,116369.12563580,1305,0.91818000,72289.49082250,0
1776894000000,78749.33000000,78753.51000000,78704.00000000,78718.00000000,23.51711000,1776894059999,1851378.23498120,1972,2.03222000,159976.22176810,0
1776894060000,78717.99000000,78736.46000000,78717.99000000,78736.45000000,0.90538000,1776894119999,71277.20460880,431,0.66440000,52305.74409110,0
1776894120000,78736.46000000,78745.23000000,78736.45000000,78745.22000000,0.57102000,1776894179999,44962.87904510,482,0.40856000,32170.00159740,0
1776894180000,78745.22000000,78752.51000000,78723.16000000,78723.16000000,6.26240000,1776894239999,493142.18893100,1213,1.58990000,125201.86409920,0
1776894240000,78722.12000000,78750.00000000,78711.38000000,78749.99000000,4.89195000,1776894299999,385143.55167080,1271,2.80708000,220981.78136080,0
1776894300000,78750.00000000,78757.74000000,78742.87000000,78742.88000000,5.90647000,1776894359999,465156.05847530,979,1.94035000,152809.62189770,0
1776894360000,78742.87000000,78788.00000000,78742.87000000,78788.00000000,3.19994000,1776894419999,252054.78997240,1268,1.27997000,100815.38499380,0
1776894420000,78788.00000000,78788.00000000,78779.85000000,78779.86000000,2.88878000,1776894479999,227592.32679350,493,0.23723000,18689.31865730,0
1776894480000,78779.85000000,78799.99000000,78779.85000000,78799.99000000,1.77545000,1776894539999,139885.72992250,742,1.52844000,120422.80516720,0
1776894540000,78800.00000000,78816.36000000,78796.00000000,78796.00000000,7.19120000,1776894599999,566725.74798990,1401,1.72983000,136318.21035370,0
1776894600000,78796.00000000,78796.00000000,78778.95000000,78779.00000000,8.15215000,1776894659999,642231.05073320,783,0.31537000,24844.75130410,0
1776894660000,78779.00000000,78779.01000000,78721.03000000,78741.96000000,5.54114000,1776894719999,436364.81775010,2081,1.66038000,130728.64429760,0
1776894720000,78741.97000000,78741.97000000,78712.73000000,78715.29000000,6.12637000,1776894779999,482299.14907150,958,1.85816000,146271.22191220,0
1776894780000,78715.29000000,78737.34000000,78715.28000000,78737.34000000,1.92493000,1776894839999,151534.26285980,830,0.84386000,66429.67325270,0
1776894840000,78737.33000000,78763.81000000,78737.33000000,78755.70000000,2.70556000,1776894899999,213084.88843630,1083,0.44846000,35315.59569770,0
1776894900000,78755.70000000,78779.00000000,78744.46000000,78779.00000000,4.30509000,1776894959999,339101.55809070,1372,1.52153000,119828.25518610,0
1776894960000,78778.99000000,78803.20000000,78778.99000000,78803.20000000,0.90465000,1776895019999,71277.33633610,572,0.36361000,28648.47596950,0
1776895020000,78803.19000000,78821.86000000,78803.19000000,78815.24000000,4.51038000,1776895079999,355462.41897860,1193,2.64858000,208730.77300960,0
1776895080000,78815.23000000,78815.24000000,78744.00000000,78761.48000000,5.33662000,1776895139999,420366.25166660,2499,2.64232000,208087.81232110,0
1776895140000,78761.48000000,78772.90000000,78761.48000000,78762.69000000,0.92097000,1776895199999,72539.99228090,696,0.50691000,39926.52793280,0
1776895200000,78762.68000000,78810.83000000,78736.00000000,78810.83000000,7.74738000,1776895259999,610273.28664910,2764,3.48736000,274715.31903710,0
1776895260000,78810.83000000,78810.83000000,78776.67000000,78800.00000000,4.01596000,1776895319999,316397.41171950,1461,2.78791000,219635.20498640,0
1776895320000,78799.99000000,78800.00000000,78728.00000000,78728.01000000,3.53564000,1776895379999,278484.10600460,2761,0.53928000,42473.10871150,0
1776895380000,78728.00000000,78735.49000000,78701.16000000,78701.16000000,8.32776000,1776895439999,655582.56974240,3021,4.04802000,318667.63790870,0
1776895440000,78701.16000000,78754.99000000,78701.15000000,78750.30000000,18.84492000,1776895499999,1483513.04858210,2468,4.69798000,369864.68946840,0
1776895500000,78750.29000000,78779.46000000,78732.00000000,78732.00000000,4.60278000,1776895559999,362532.55108440,2725,1.53394000,120814.59044010,0
1776895560000,78732.00000000,78785.14000000,78732.00000000,78781.60000000,4.25817000,1776895619999,335447.05073140,2012,1.21912000,96022.55473870,0
1776895620000,78781.60000000,78782.95000000,78760.00000000,78771.96000000,3.68501000,1776895679999,290272.79489680,1264,2.71469000,213837.55073890,0
1776895680000,78771.96000000,78815.00000000,78766.72000000,78814.99000000,4.45654000,1776895739999,351156.39433000,1568,2.66604000,210070.39451730,0
1776895740000,78815.00000000,78819.30000000,78802.55000000,78819.30000000,5.38396000,1776895799999,424292.28119110,1168,4.67400000,368339.11561300,0
1776895800000,78819.30000000,78819.30000000,78783.74000000,78796.01000000,6.81726000,1776895859999,537202.91365770,1972,4.10440000,323409.90761020,0
1776895860000,78796.01000000,78799.79000000,78777.02000000,78789.21000000,2.03832000,1776895919999,160587.58205040,1135,1.50111000,118260.25148530,0
1776895920000,78789.21000000,78818.33000000,78789.20000000,78816.96000000,1.30416000,1776895979999,102771.06019930,988,1.17546000,92629.72231600,0
1776895980000,78816.96000000,78824.00000000,78809.98000000,78813.92000000,4.68936000,1776896039999,369598.82161470,1031,4.09707000,322916.21013840,0
1776896040000,78813.92000000,78817.08000000,78762.60000000,78762.61000000,6.28569000,1776896099999,495179.23541340,1308,3.22023000,253646.53499210,0
1776896100000,78762.62000000,78766.29000000,78746.85000000,78747.39000000,3.10619000,1776896159999,244628.48205120,989,1.70515000,134279.11553170,0
1776896160000,78747.40000000,78747.40000000,78739.49000000,78739.50000000,1.78018000,1776896219999,140178.21806810,582,0.36101000,28426.45876220,0
1776896220000,78739.49000000,78739.50000000,78692.08000000,78732.01000000,6.84465000,1776896279999,538721.22855380,2727,1.61155000,126835.01642000,0
1776896280000,78732.01000000,78732.02000000,78687.75000000,78691.64000000,3.49804000,1776896339999,275342.65452170,1295,1.04294000,82083.57796110,0
1776896340000,78691.64000000,78691.65000000,78622.28000000,78635.99000000,7.18010000,1776896399999,564678.47638750,2240,2.44508000,192250.23249030,0
1776896400000,78635.99000000,78636.00000000,78587.60000000,78590.92000000,4.40509000,1776896459999,346277.57592970,1370,1.17552000,92389.67421700,0
1776896460000,78590.93000000,78640.00000000,78590.92000000,78627.07000000,5.45685000,1776896519999,429007.05729990,1634,3.23710000,254467.97116110,0
1776896520000,78627.07000000,78633.25000000,78587.60000000,78633.24000000,4.95490000,1776896579999,389511.36000260,2181,2.11473000,166223.74691410,0
1776896580000,78633.23000000,78633.24000000,78609.99000000,78614.99000000,4.93248000,1776896639999,387808.72434760,1214,0.59344000,46654.47623550,0
1776896640000,78615.00000000,78633.24000000,78614.99000000,78625.36000000,2.29291000,1776896699999,180268.99529430,819,0.64569000,50763.58348340,0
1776896700000,78625.36000000,78625.37000000,78597.28000000,78597.29000000,0.84273000,1776896759999,66244.64931980,979,0.18373000,14441.39350240,0
1776896760000,78597.28000000,78597.29000000,78564.68000000,78566.11000000,2.66957000,1776896819999,209780.84087430,725,0.28664000,22527.13975960,0
1776896820000,78566.10000000,78566.11000000,78537.01000000,78537.02000000,2.22086000,1776896879999,174429.73545290,767,0.53304000,41864.48069050,0
1776896880000,78537.02000000,78545.74000000,78530.00000000,78530.01000000,5.22569000,1776896939999,410438.74717700,1088,0.68876000,54093.34696220,0
1776896940000,78530.00000000,78557.87000000,78530.00000000,78541.59000000,5.02682000,1776896999999,394807.34540580,1470,2.64016000,207359.90727910,0
1776897000000,78541.60000000,78587.60000000,78530.01000000,78587.60000000,8.03488000,1776897059999,631264.87080640,2967,4.42160000,347372.47454120,0
1776897060000,78587.59000000,78599.06000000,78566.99000000,78580.70000000,4.90644000,1776897119999,385556.20175870,2070,2.02541000,159152.88181670,0
1776897120000,78580.70000000,78580.70000000,78530.00000000,78543.69000000,3.45823000,1776897179999,271624.07009080,1455,0.47723000,37480.13749020,0
1776897180000,78543.68000000,78543.69000000,78523.19000000,78542.00000000,3.69850000,1776897239999,290469.11656880,1716,1.39754000,109759.33387080,0
1776897240000,78542.00000000,78543.43000000,78480.16000000,78499.30000000,30.07387000,1776897299999,2361192.35869040,2757,4.47524000,351361.65364470,0
1776897300000,78499.31000000,78499.31000000,78482.00000000,78482.01000000,0.66988000,1776897359999,52579.70501740,277,0.00825000,647.58678350,0
